BAS_DD,ISU_CD,ISU_NM,MKT_NM,SECT_TP_NM,TDD_CLSPRC,CMPPREVDD_PRC,FLUC_RT,TDD_OPNPRC,TDD_HGPRC,TDD_LWPRC,ACC_TRDVOL,ACC_TRDVAL,MKTCAP,LIST_SHRS
20241008,095570,AJ네트웍스,KOSPI,-,4730,-20,-0.42,4745,4745,4680,91383,430438555,214045550070,45252759
20241008,006840,AK홀딩스,KOSPI,-,13120,70,0.54,13040,13150,12980,2946,38592900,173808000320,13247561
20241008,027410,BGF,KOSPI,-,3550,-10,-0.28,3560,3565,3540,16715,59398265,339794608050,95716791
20241008,282330,BGF리테일,KOSPI,-,108300,-2300,-2.08,110500,110900,108300,32671,3561313300,1871847019800,17283906
20241008,138930,BNK금융지주,KOSPI,-,9170,-100,-1.08,9260,9260,9080,515835,4736137930,2938404786590,320436727
20241008,001460,BYC,KOSPI,-,33000,200,0.61,33000,33300,32150,1751,56951350,206122950000,6246150
20241008,001465,BYC우,KOSPI,-,12780,-50,-0.39,12830,12870,12770,1375,17588900,27526203000,2153850
20241008,001040,CJ,KOSPI,-,109800,-4800,-4.19,114600,114800,109800,172133,19097505300,3203634380400,29176998
20241008,079160,CJ CGV,KOSPI,-,5700,0,0.00,5700,5780,5690,294342,1688447060,943805749200,165579956
20241008,00104K,CJ4우(전환),KOSPI,-,82900,-4500,-5.15,87400,87400,82900,26489,2238729800,350377844800,4226512
20241008,000120,CJ대한통운,KOSPI,-,89800,-2200,-2.39,92000,92200,89500,102652,9250889600,2048548491200,22812344
20241008,011150,CJ씨푸드,KOSPI,-,3265,-105,-3.12,3375,3385,3265,257632,849855125,117313973845,35930773
20241008,011155,CJ씨푸드1우,KOSPI,-,17540,0,0.00,17540,17540,17540,124,2174960,3508000000,200000
20241008,001045,CJ우,KOSPI,-,59000,-700,-1.17,59700,59700,58600,2997,176748300,133353157000,2260223
20241008,097950,CJ제일제당,KOSPI,-,280500,-12500,-4.27,290500,293000,280500,105208,29849192000,4222699173000,15054186
20241008,097955,CJ제일제당 우,KOSPI,-,133000,-1900,-1.41,134900,134900,132300,3335,445009600,176548589000,1327433
20241008,000480,CR홀딩스,KOSPI,-,5740,-10,-0.17,5710,5760,5680,9125,52265980,269151412600,46890490
20241008,000590,CS홀딩스,KOSPI,-,67800,400,0.59,67400,67900,66500,845,57133800,78273879600,1154482
20241008,012030,DB,KOSPI,-,1476,26,1.79,1466,1510,1447,516294,767980816,296932725108,201173933
20241008,016610,DB금융투자,KOSPI,-,5600,-60,-1.06,5660,5720,5580,104489,590522990,237699778400,42446389
20241008,005830,DB손해보험,KOSPI,-,110200,-3900,-3.42,113800,113800,109800,146269,16167345350,7802160000000,70800000
20241008,000990,DB하이텍,KOSPI,-,40150,-1200,-2.90,41200,41700,40050,204894,8307424800,1782603308200,44398588
20241008,139130,DGB금융지주,KOSPI,-,8060,-130,-1.59,8180,8180,8060,448627,3627498240,1363315413980,169145833
20241008,001530,DI동일,KOSPI,-,38300,200,0.52,38000,38600,38000,94238,3607069600,965760237600,25215672
20241008,000210,DL,KOSPI,-,43950,-1100,-2.44,45250,45250,43950,31115,1381076800,921011101800,20955884
20241008,000215,DL우,KOSPI,-,24450,0,0.00,24250,24650,24000,670,16431800,41225511750,1686115
20241008,375500,DL이앤씨,KOSPI,-,29700,350,1.19,29350,30150,29150,318843,9500317750,1149200603100,38693623
20241008,37550L,DL이앤씨2우(전환),KOSPI,-,21000,100,0.48,20900,21500,20700,3741,78437800,44350971000,2111951
20241008,37550K,DL이앤씨우,KOSPI,-,15910,10,0.06,15880,16090,15730,6351,100808360,33631910350,2113885
20241008,007340,DN오토모티브,KOSPI,-,19200,-1250,-6.11,19900,19950,18410,423837,8032298420,1162847328000,60564965
20241008,004840,DRB동일,KOSPI,-,4605,-10,-0.22,4615,4745,4550,7852,36286390,91777650000,19930000
20241008,155660,DSR,KOSPI,-,3875,5,0.13,3870,3885,3850,8386,32412855,62000000000,16000000
20241008,069730,DSR제강,KOSPI,-,3735,0,0.00,3745,3750,3685,16996,62993565,53784000000,14400000
20241008,017860,DS단석,KOSPI,-,76400,-1500,-1.93,77600,77900,76200,22111,1696973600,447811265600,5861404
20241008,017940,E1,KOSPI,-,76200,900,1.20,75900,76200,75100,3335,252493100,522732000000,6860000
20241008,365550,ESR켄달스퀘어리츠,KOSPI,-,4740,-205,-4.15,5000,5020,4740,450895,2191724485,1010041860000,213089000
20241008,383220,F&F,KOSPI,-,66800,-2600,-3.75,70300,70300,66600,208409,14174742800,2558912610000,38307075
20241008,007700,F&F홀딩스,KOSPI,-,13830,-50,-0.36,13800,13980,13800,10710,148709250,540951695610,39114367
20241008,114090,GKL,KOSPI,-,11460,-370,-3.13,11960,11960,11380,327797,3779790200,708865978200,61855670
20241008,078930,GS,KOSPI,-,42550,-450,-1.05,43200,43200,42450,137565,5874188650,3953549333900,92915378
20241008,006360,GS건설,KOSPI,-,18660,850,4.77,17780,18660,17710,580216,10687319850,1596950603400,85581490
20241008,001250,GS글로벌,KOSPI,-,3805,0,0.00,3760,3865,3725,1901398,7233989145,314040972020,82533764
20241008,007070,GS리테일,KOSPI,-,20800,0,0.00,20800,21050,20750,115916,2422106400,2178132777600,104717922
20241008,078935,GS우,KOSPI,-,38250,-350,-0.91,38600,38600,37950,45471,1734555850,68269594500,1784826
20241008,012630,HDC,KOSPI,-,11020,170,1.57,10720,11150,10720,61701,678265060,658353765420,59741721
20241008,039570,HDC랩스,KOSPI,-,8030,-90,-1.11,8130,8200,8030,14614,118458240,208439536030,25957601
20241008,089470,HDC현대EP,KOSPI,-,4195,-45,-1.06,4240,4240,4190,45985,193394055,133820500000,31900000
20241008,294870,HDC현대산업개발,KOSPI,-,21500,850,4.12,20800,21650,20350,704616,14980194700,1417007595000,65907330
20241008,009540,HD한국조선해양,KOSPI,-,185000,1000,0.54,184100,189600,184100,282004,52709986100,13093026460000,70773116
20241008,267250,HD현대,KOSPI,-,77300,500,0.65,76900,77600,76100,114021,8796258000,6106165470500,78993085
20241008,267270,HD현대건설기계,KOSPI,-,53600,500,0.94,52800,54100,52300,163586,8747299600,981179409600,18305586
20241008,443060,HD현대마린솔루션,KOSPI,-,105800,700,0.67,105200,106200,104000,31254,3294069700,4702810000000,44450000
20241008,071970,HD현대마린엔진,KOSPI,-,20550,670,3.37,19870,20800,19760,404806,8282972020,697001316450,33917339
20241008,010620,HD현대미포,KOSPI,-,100000,2300,2.35,98000,101800,97500,228512,22867705400,3994214900000,39942149
20241008,322000,HD현대에너지솔루션,KOSPI,-,24500,-400,-1.61,24850,24950,24350,64572,1589140300,274400000000,11200000
20241008,042670,HD현대인프라코어,KOSPI,-,7560,40,0.53,7500,7580,7430,867263,6522922160,1456478354520,192655867
20241008,267260,HD현대일렉트릭,KOSPI,-,321000,-21500,-6.28,333000,334000,321000,367796,119628999250,11571130335000,36047135
20241008,329180,HD현대중공업,KOSPI,-,179700,800,0.45,179400,182400,179100,134944,24358891400,15952528945200,88773116
20241008,097230,HJ중공업,KOSPI,-,2640,-10,-0.38,2675,2675,2620,27059,71302355,219844101840,83274281
20241008,014790,HL D&I,KOSPI,-,2445,20,0.82,2405,2480,2395,36512,89478060,92564279445,37858601
20241008,003580,HLB글로벌,KOSPI,-,4810,-180,-3.61,4990,4990,4810,133193,651065525,228424932710,47489591
20241008,204320,HL만도,KOSPI,-,37400,-1500,-3.86,38500,38850,37350,179202,6784677500,1756196288000,46957120
20241008,060980,HL홀딩스,KOSPI,-,35100,-50,-0.14,35500,35500,34700,10254,358436100,356946291000,10169410
20241008,011200,HMM,KOSPI,-,17060,20,0.12,16960,17160,16960,1133597,19332357270,12778613801760,749039496
20241008,035000,HS애드,KOSPI,-,6380,10,0.16,6360,6380,6340,5032,32022720,105700069420,16567409
20241008,002460,HS화성,KOSPI,-,9100,360,4.12,8620,9250,8600,67162,600330390,92365000000,10150000
20241008,487570,HS효성,KOSPI,-,41500,-600,-1.43,42150,42500,41000,9295,385271200,154625970500,3725927
20241008,298050,HS효성첨단소재,KOSPI,-,277500,-6000,-2.12,285000,285500,277500,13164,3677936500,1243185570000,4479948
20241008,003560,IHQ,KOSPI,-,10760,0,0.00,0,0,0,0,0,62107613080,5772083
20241008,175330,JB금융지주,KOSPI,-,15710,-70,-0.44,15660,15790,15470,472784,7410952530,3064757040580,195083198
20241008,234080,JW생명과학,KOSPI,-,11070,110,1.00,10960,11070,10930,15556,171162990,175288512780,15834554
20241008,001060,JW중외제약,KOSPI,-,27600,250,0.91,27250,27750,27000,92673,2538135450,642691668000,23285930
20241008,001067,JW중외제약2우B,KOSPI,-,56100,-2500,-4.27,56100,56100,56100,65,3646500,11779485300,209973
20241008,001065,JW중외제약우,KOSPI,-,29800,0,0.00,29800,29800,29800,54,1609200,10190139800,341951
20241008,096760,JW홀딩스,KOSPI,-,3090,30,0.98,3035,3090,3035,41089,125945885,228428070780,73924942
20241008,105560,KB금융,KOSPI,-,89400,2100,2.41,86500,89400,85900,1795315,158465262900,35181441016200,393528423
20241008,432320,KB스타리츠,KOSPI,-,4335,5,0.12,4365,4365,4305,77986,337397120,439630925475,101414285
20241008,002380,KCC,KOSPI,-,284000,-7000,-2.41,291000,291000,283000,38343,10959276000,2523757764000,8886471
20241008,344820,KCC글라스,KOSPI,-,40600,50,0.12,40500,40800,40150,16781,678009600,648402787200,15970512
20241008,009070,KCTC,KOSPI,-,4775,-215,-4.31,5050,5070,4740,523263,2537587525,143250000000,30000000
20241008,009440,KC그린홀딩스,KOSPI,-,1006,10,1.00,1010,1037,993,129536,130906867,22569589880,22434980
20241008,119650,KC코트렐,KOSPI,-,634,19,3.09,617,657,609,762616,483694889,40366327958,63669287
20241008,092220,KEC,KOSPI,-,962,-25,-2.53,978,990,962,675427,655568143,193134141642,200763141
20241008,003620,KG모빌리티,KOSPI,-,5170,-90,-1.71,5270,5270,5160,166903,866886800,1015409993180,196404254
20241008,016380,KG스틸,KOSPI,-,6690,20,0.30,6680,6880,6640,497518,3354520910,669059520930,100008897
20241008,001390,KG케미칼,KOSPI,-,4290,-55,-1.27,4340,4345,4275,87592,378255290,293732181600,68469040
20241008,033180,KH 필룩스,KOSPI,-,6630,0,0.00,0,0,0,0,0,125330728770,18903579
20241008,015590,KIB플러그에너지,KOSPI,-,395,-3,-0.75,394,408,383,944184,371858713,93607709880,236981544
20241008,001940,KISCO홀딩스,KOSPI,-,19710,0,0.00,19640,20000,19500,8884,175090380,318836449800,16176380
20241008,025000,KPX케미칼,KOSPI,-,47850,-50,-0.10,48050,48350,47850,9155,440585600,231594000000,4840000
20241008,092230,KPX홀딩스,KOSPI,-,56400,400,0.71,56000,56600,56000,1902,106782400,238270034400,4224646
20241008,000040,KR모터스,KOSPI,-,546,-4,-0.73,550,553,542,94184,51407479,32832545928,60132868
20241008,044450,KSS해운,KOSPI,-,9200,-20,-0.22,9180,9400,9150,40083,372157420,212390096000,23085880
20241008,030200,KT,KOSPI,-,40150,-900,-2.19,40800,40950,40000,471341,18969616850,10118670652750,252021685
20241008,033780,KT&G,KOSPI,-,103500,-200,-0.19,103000,104000,102600,133554,13823180500,13488378439500,130322497
20241008,058850,KTcs,KOSPI,-,3040,50,1.67,2975,3060,2930,1088096,3255642755,129762400000,42685000
20241008,058860,KTis,KOSPI,-,2715,0,0.00,2705,2720,2685,245567,663166655,94487430000,34802000
20241008,093050,LF,KOSPI,-,15330,60,0.39,15230,15350,15080,39256,599664920,448249200000,29240000
20241008,003550,LG,KOSPI,-,78500,-800,-1.01,78800,79000,77600,198223,15473983600,12348127950500,157300993
20241008,034220,LG디스플레이,KOSPI,-,10420,-210,-1.98,10560,10660,10410,1192630,12553623720,5210000000000,500000000
20241008,051900,LG생활건강,KOSPI,-,353500,-31000,-8.06,383000,385000,353500,142538,51620486000,5521032639500,15618197
20241008,051905,LG생활건강우,KOSPI,-,151400,-6700,-4.24,158100,158200,151000,9066,1383649300,317894125800,2099697
20241008,373220,LG에너지솔루션,KOSPI,-,436500,16500,3.93,416500,444000,412000,803706,348252123000,102141000000000,234000000
20241008,003555,LG우,KOSPI,-,59900,-200,-0.33,60100,60100,59500,3050,182113300,180995038000,3021620
20241008,032640,LG유플러스,KOSPI,-,9680,-130,-1.33,9760,9770,9680,1318608,12789879530,4226397974480,436611361
20241008,011070,LG이노텍,KOSPI,-,204000,-7500,-3.55,209000,210000,204000,248140,51077575500,4828089828000,23667107
20241008,066570,LG전자,KOSPI,-,98000,-5700,-5.50,103900,104000,98000,1185008,118045129800,16037485772000,163647814
20241008,066575,LG전자우,KOSPI,-,48800,-1400,-2.79,50200,50200,48100,53259,2603921450,838676409600,17185992
20241008,037560,LG헬로비전,KOSPI,-,2655,0,0.00,2645,2685,2635,48946,129934035,205621426575,77446865
20241008,051910,LG화학,KOSPI,-,361000,2000,0.56,358000,368000,354500,341075,123570458500,25483835823000,70592343
20241008,051915,LG화학우,KOSPI,-,251500,-2000,-0.79,252500,255000,248500,20671,5210612000,1933733200000,7688800
20241008,079550,LIG넥스원,KOSPI,-,244500,-500,-0.20,242000,246500,239500,256690,62433820500,5379000000000,22000000
20241008,006260,LS,KOSPI,-,123900,-6000,-4.62,128700,130200,123900,160048,20269181700,3989580000000,32200000
20241008,010120,LS ELECTRIC,KOSPI,-,161000,-5700,-3.42,164500,164800,161000,200888,32629780000,4830000000000,30000000
20241008,000680,LS네트웍스,KOSPI,-,3510,-10,-0.28,3510,3555,3455,123318,430216940,276598586160,78803016
20241008,229640,LS에코에너지,KOSPI,-,25950,-50,-0.19,26350,26850,25800,79348,2064896900,794715610050,30624879
20241008,108320,LX세미콘,KOSPI,-,62900,-3600,-5.41,66000,66200,62900,59883,3805043200,1023024470000,16264300
20241008,001120,LX인터내셔널,KOSPI,-,29200,-450,-1.52,29550,29650,29200,118853,3487267150,1131792000000,38760000
20241008,108670,LX하우시스,KOSPI,-,42750,0,0.00,42400,43500,42100,20029,857374150,383367892500,8967670
20241008,108675,LX하우시스우,KOSPI,-,23600,-100,-0.42,23850,23850,23350,851,19995000,24362988000,1032330
20241008,383800,LX홀딩스,KOSPI,-,7110,-10,-0.14,7090,7170,7090,82603,589591750,542355705900,76280690
20241008,38380K,LX홀딩스1우,KOSPI,-,8780,-40,-0.45,8820,8830,8770,214,1883300,12865202300,1465285
20241008,023150,MH에탄올,KOSPI,-,5810,-70,-1.19,5940,6030,5810,2556,15121070,42869236060,7378526
20241008,035420,NAVER,KOSPI,-,166200,100,0.06,166500,167400,165100,893907,148725674300,26722385229600,160784508
20241008,181710,NHN,KOSPI,-,16710,-250,-1.47,16950,16950,16640,46368,774504110,564231915330,33766123
20241008,400760,NH올원리츠,KOSPI,-,3615,25,0.70,3590,3615,3590,40628,146542460,152553000000,42200000
20241008,005940,NH투자증권,KOSPI,-,13780,-60,-0.43,13800,13850,13670,353671,4877050480,4512843880220,327492299
20241008,005945,NH투자증권우,KOSPI,-,11930,0,0.00,11930,11950,11880,16720,199449220,225130648240,18870968
20241008,338100,NH프라임리츠,KOSPI,-,4535,-25,-0.55,4560,4565,4515,31290,141787260,84623100000,18660000
20241008,034310,NICE,KOSPI,-,11130,120,1.09,11010,11250,10900,58598,652940260,417413699010,37503477
20241008,030190,NICE평가정보,KOSPI,-,10700,50,0.47,10690,10820,10480,113609,1210473710,643152069000,60107670
20241008,008260,NI스틸,KOSPI,-,4125,0,0.00,4080,4125,4080,10212,41970050,117975482625,28600117
20241008,004250,NPC,KOSPI,-,5180,20,0.39,5140,5200,5120,105834,546670380,190209600000,36720000
20241008,004255,NPC우,KOSPI,-,2700,10,0.37,2690,2700,2680,1480,3979770,14256000000,5280000
20241008,456040,OCI,KOSPI,-,80300,-2100,-2.55,81700,82200,79800,20548,1653170100,718885348500,8952495
20241008,010060,OCI홀딩스,KOSPI,-,68500,-1600,-2.28,69400,70100,68500,39421,2719123000,1340132835500,19563983
20241008,178920,PI첨단소재,KOSPI,-,20400,-450,-2.16,20850,20950,20400,110677,2279839600,599072968800,29366322
20241008,005490,POSCO홀딩스,KOSPI,-,376000,-3000,-0.79,375000,378000,371000,267936,100437147500,31066765752000,82624377
20241008,010950,S-Oil,KOSPI,-,63200,100,0.16,64000,64400,63000,326280,20791410500,7115232454400,112582792
20241008,010955,S-Oil우,KOSPI,-,43300,700,1.64,42600,43450,42600,19807,856195750,174149439100,4021927
20241008,034120,SBS,KOSPI,-,15760,-210,-1.31,15970,16010,15740,23401,370555270,292367510880,18551238
20241008,005090,SGC에너지,KOSPI,-,28550,-250,-0.87,28800,28900,28450,19326,554637450,411386457150,14409333
20241008,001380,SG글로벌,KOSPI,-,2945,-5,-0.17,2905,2970,2890,236737,691629325,132419401135,44964143
20241008,004060,SG세계물산,KOSPI,-,357,-5,-1.38,362,362,356,386864,138311506,72265710720,202424960
20241008,001770,SHD,KOSPI,-,17810,0,0.00,17810,17810,17560,643,11450940,21636977180,1214878
20241008,002360,SH에너지화학,KOSPI,-,557,-3,-0.54,578,583,554,2939452,1662665139,61901487610,111133730
20241008,009160,SIMPAC,KOSPI,-,4100,5,0.12,4055,4205,4055,92993,385313635,268261015600,65429516
20241008,033530,SJG세종,KOSPI,-,4765,-85,-1.75,4830,4865,4765,23340,112076720,132566879165,27820961
20241008,123700,SJM,KOSPI,-,3410,0,0.00,3405,3430,3365,32096,109230475,53212702180,15604898
20241008,025530,SJM홀딩스,KOSPI,-,3600,0,0.00,3595,3630,3595,8488,30600080,53762428800,14934008
20241008,034730,SK,KOSPI,-,150600,-2700,-1.76,153200,153200,150200,78357,11823986800,10918907071800,72502703
20241008,011790,SKC,KOSPI,-,153800,3700,2.47,149000,155800,146200,323084,48913131800,5824144232400,37868298
20241008,018670,SK가스,KOSPI,-,167200,-2700,-1.59,170900,170900,167200,4522,761962900,1543296796800,9230244
20241008,001740,SK네트웍스,KOSPI,-,5000,95,1.94,4870,5000,4830,417492,2061465980,1106389510000,221277902
20241008,006120,SK디스커버리,KOSPI,-,33600,-100,-0.30,33700,34050,33600,14566,491583800,631204728000,18785855
20241008,006125,SK디스커버리우,KOSPI,-,31300,-50,-0.16,31350,31750,31050,4330,135890500,42519641500,1358455
20241008,210980,SK디앤디,KOSPI,-,8740,-210,-2.35,8850,8940,8720,61869,544774620,162715918680,18617382
20241008,395400,SK리츠,KOSPI,-,4770,-240,-4.79,5060,5060,4770,619086,3020898695,1291776392970,270812661
20241008,302440,SK바이오사이언스,KOSPI,-,54000,700,1.31,53800,54700,53000,64121,3461381000,4148698500000,76827750
20241008,326030,SK바이오팜,KOSPI,-,109100,2600,2.44,105600,109300,105500,270686,29283856100,8543975575000,78313250
20241008,402340,SK스퀘어,KOSPI,-,80800,-200,-0.25,78600,82000,78600,254493,20462069300,10887796768000,134749960
20241008,361610,SK아이이테크놀로지,KOSPI,-,37700,-400,-1.05,37500,38300,37000,377361,14241833450,2687919218400,71297592
20241008,100090,SK오션플랜트,KOSPI,-,15630,710,4.76,14700,15860,14700,381796,5970430800,925226727840,59195568
20241008,03473K,SK우,KOSPI,-,125300,-700,-0.56,125300,126000,124400,684,85487000,70936715500,566135
20241008,096770,SK이노베이션,KOSPI,-,118400,100,0.08,117200,119400,117000,212206,25078137400,11335093856000,95735590
20241008,096775,SK이노베이션우,KOSPI,-,80700,-500,-0.62,81200,81200,79600,953,76582600,100747978200,1248426
20241008,475150,SK이터닉스,KOSPI,-,17060,-220,-1.27,17280,17380,17050,321567,5513560520,574783728700,33691895
20241008,001510,SK증권,KOSPI,-,508,-5,-0.97,513,514,506,1109888,566598239,240075806868,472590171
20241008,001515,SK증권우,KOSPI,-,1901,-50,-2.56,1975,1975,1900,13511,25829515,7437689114,3912514
20241008,285130,SK케미칼,KOSPI,-,50100,-1100,-2.15,51200,51200,50000,18858,949774800,864414528300,17253783
20241008,28513K,SK케미칼우,KOSPI,-,23350,150,0.65,23000,23650,23000,2300,53646850,49395267150,2115429
20241008,017670,SK텔레콤,KOSPI,-,54700,-1900,-3.36,56100,56100,54600,746533,41077817100,11749015899100,214790053
20241008,000660,SK하이닉스,KOSPI,-,178000,-6900,-3.73,182200,185000,178000,3988028,720348427108,129584420970000,728002365
20241008,003570,SNT다이내믹스,KOSPI,-,25450,250,0.99,25450,25800,25000,161393,4085746800,846281138650,33252697
20241008,064960,SNT모티브,KOSPI,-,44900,-900,-1.97,45950,45950,44750,10119,456242800,656578806400,14623136
20241008,100840,SNT에너지,KOSPI,-,12500,-240,-1.88,12730,12790,12310,55561,693384920,258509787500,20680783
20241008,036530,SNT홀딩스,KOSPI,-,22950,550,2.46,22450,23100,22350,11702,266503100,374174183700,16303886
20241008,005610,SPC삼립,KOSPI,-,50400,-300,-0.59,50700,50900,50200,4247,214217400,434902053600,8629009
20241008,011810,STX,KOSPI,-,5620,30,0.54,5550,5660,5500,79038,439191680,174320749740,31017927
20241008,465770,STX그린로지스,KOSPI,-,11850,-130,-1.09,12000,12360,11560,653871,7779016410,84976729200,7171032
20241008,077970,STX엔진,KOSPI,-,19890,220,1.12,19670,20150,19500,224330,4440135310,457647100560,23008904
20241008,002820,SUN&L,KOSPI,-,3265,30,0.93,3210,3305,3200,3509,11436350,41165084085,12607989
20241008,084870,TBH글로벌,KOSPI,-,1453,6,0.41,1442,1454,1415,20366,29443934,30304958007,20856819
20241008,002710,TCC스틸,KOSPI,-,49300,2350,5.01,46200,50600,45100,1845483,88250788900,1292335262100,26213697
20241008,069260,TKG휴켐스,KOSPI,-,19800,-40,-0.20,19660,19880,19580,78858,1560527850,809396042400,40878588
20241008,007980,TP,KOSPI,-,1375,-6,-0.43,1380,1385,1362,58681,80284981,70365803750,51175130
20241008,002900,TYM,KOSPI,-,3200,-20,-0.62,3220,3235,3190,64477,206692450,144163059200,45050956
20241008,024070,WISCOM,KOSPI,-,2150,-15,-0.69,2175,2245,2120,70804,153452925,32951841700,15326438
20241008,037270,YG PLUS,KOSPI,-,2815,-5,-0.18,2820,2905,2790,108487,307269865,178553789150,63429410
20241008,000500,가온전선,KOSPI,-,38200,-1000,-2.55,38750,38900,38150,46714,1793805700,281073537200,7357946
20241008,000860,강남제비스코,KOSPI,-,26600,-100,-0.37,26650,26700,26400,2830,75064700,172900000000,6500000
20241008,035250,강원랜드,KOSPI,-,16630,-130,-0.78,16980,17110,16600,895877,14981581700,3557830515000,213940500
20241008,011420,갤럭시아에스엠,KOSPI,-,2300,-65,-2.75,2520,2550,2270,3557082,8629467120,63364181200,27549644
20241008,002100,경농,KOSPI,-,9140,0,0.00,9190,9190,9100,13500,123229870,178436335500,19522575
20241008,009450,경동나비엔,KOSPI,-,70900,300,0.42,70600,72000,70400,27161,1933889200,1032913172800,14568592
20241008,267290,경동도시가스,KOSPI,-,18910,-80,-0.42,19000,19150,18900,9231,175071580,111482127460,5895406
20241008,012320,경동인베스트,KOSPI,-,77300,-200,-0.26,77400,78100,76600,5256,407469100,182816277900,2365023
20241008,000050,경방,KOSPI,-,6390,290,4.75,6030,6390,5970,6255,38824700,175183575300,27415270
20241008,214390,경보제약,KOSPI,-,7440,0,0.00,0,0,0,0,0,177867038400,23906860
20241008,012610,경인양행,KOSPI,-,3200,-20,-0.62,3220,3230,3170,19385,61975445,133172368000,41616365
20241008,009140,경인전자,KOSPI,-,20650,-50,-0.24,20700,20700,20350,6991,142965700,32436958050,1570797
20241008,013580,계룡건설,KOSPI,-,13890,-30,-0.22,13850,13980,13840,7989,110935120,124050298230,8930907
20241008,012200,계양전기,KOSPI,-,1553,7,0.45,1546,1554,1521,13524,20801792,42277053437,27222829
20241008,012205,계양전기우,KOSPI,-,4000,105,2.70,3895,4010,3895,320,1270530,4676316000,1169079
20241008,002140,고려산업,KOSPI,-,2760,-70,-2.47,2795,2845,2745,529905,1483574020,68832813000,24939425
20241008,010130,고려아연,KOSPI,-,776000,-4000,-0.51,778000,778000,752000,116604,90148979000,16065747608000,20703283
20241008,002240,고려제강,KOSPI,-,19200,-140,-0.72,19340,19440,19200,14910,288081980,480000000000,25000000
20241008,009290,광동제약,KOSPI,-,5730,-100,-1.72,5830,5870,5730,70924,411304030,300371476230,52420851
20241008,017040,광명전기,KOSPI,-,1747,17,0.98,1727,1804,1701,302452,525033015,75710813405,43337615
20241008,017900,광전자,KOSPI,-,1879,-22,-1.16,1900,1902,1879,71704,135295766,108876330677,57943763
20241008,037710,광주신세계,KOSPI,-,29000,-50,-0.17,29100,29150,29000,1878,54575850,230758510000,7957190
20241008,030610,교보증권,KOSPI,-,5410,-70,-1.28,5480,5490,5410,29200,159311540,616539619010,113962961
20241008,339770,교촌에프앤비,KOSPI,-,8990,150,1.70,8820,9050,8730,39098,347053610,224593034600,24982540
20241008,007690,국도화학,KOSPI,-,33200,-900,-2.64,34050,34050,33100,6673,223193700,299152451200,9010616
20241008,005320,국동,KOSPI,-,495,-13,-2.56,502,508,495,125016,62399423,33327309015,67327897
20241008,001140,국보,KOSPI,-,2110,0,0.00,0,0,0,0,0,33456978680,15856388
20241008,002720,국제약품,KOSPI,-,5470,40,0.74,5430,5490,5380,166064,903897560,115744281040,21159832
20241008,083420,그린케미칼,KOSPI,-,6520,-50,-0.76,6540,6540,6430,23875,154760790,156480000000,24000000
20241008,014530,극동유화,KOSPI,-,3985,40,1.01,4045,4100,3955,834798,3344513640,138954638700,34869420
20241008,014280,금강공업,KOSPI,-,4360,20,0.46,4380,4400,4335,4890,21343015,127875996520,29329357
20241008,014285,금강공업우,KOSPI,-,7910,120,1.54,7760,7910,7530,657,5037770,4665911250,589875
20241008,008870,금비,KOSPI,-,57000,-1300,-2.23,57500,58000,57000,2999,171668000,57000000000,1000000
20241008,001570,금양,KOSPI,-,52700,-900,-1.68,52800,53000,51000,476772,24842930200,3059236949900,58050037
20241008,002990,금호건설,KOSPI,-,3195,-5,-0.16,3200,3220,3180,12630,40380760,118066736025,36953595
20241008,002995,금호건설우,KOSPI,-,9280,-60,-0.64,9350,9350,9280,99,920390,2712228480,292266
20241008,011780,금호석유,KOSPI,-,147700,-8700,-5.56,155500,155500,146400,162358,24385700700,4087254688300,27672679
20241008,011785,금호석유우,KOSPI,-,67600,-1400,-2.03,69000,69000,66700,7662,517978700,204387653600,3023486
20241008,214330,금호에이치티,KOSPI,-,630,3,0.48,630,632,619,332800,209403795,134765902530,213914131
20241008,001210,금호전기,KOSPI,-,864,63,7.87,797,875,789,249027,207301268,33999282144,39351021
20241008,073240,금호타이어,KOSPI,-,4300,-125,-2.82,4425,4430,4300,500545,2164053075,1235219234100,287260287
20241008,092440,기신정기,KOSPI,-,2680,20,0.75,2660,2730,2645,121383,325139185,78256000000,29200000
20241008,000270,기아,KOSPI,-,99600,-800,-0.80,99700,100900,99500,953986,95419785551,39825898333200,399858417
20241008,024110,기업은행,KOSPI,-,14130,10,0.07,14070,14130,13960,623552,8776386510,11267627528970,797425869
20241008,013700,까뮤이앤씨,KOSPI,-,1312,-6,-0.46,1318,1323,1301,11597,15154791,59239791360,45152280
20241008,004540,깨끗한나라,KOSPI,-,2235,-20,-0.89,2250,2250,2205,30353,67577405,83232948855,37240693
20241008,004545,깨끗한나라우,KOSPI,-,12600,0,0.00,12710,12710,12520,349,4395510,4613616000,366160
20241008,001260,남광토건,KOSPI,-,6320,110,1.77,6250,6350,6220,3287,20667370,62141855040,9832572
20241008,008350,남선알미늄,KOSPI,-,1485,17,1.16,1465,1525,1438,2164022,3219238287,191682448650,129079090
20241008,008355,남선알미우,KOSPI,-,18460,50,0.27,18800,18800,18310,1018,18771000,5683649400,307890
20241008,004270,남성,KOSPI,-,1394,3,0.22,1397,1398,1382,22660,31466312,50479751040,36212160
20241008,003920,남양유업,KOSPI,-,571000,1000,0.18,569000,572000,565000,1139,648688000,388126401000,679731
20241008,003925,남양유업우,KOSPI,-,393500,-6000,-1.50,399500,399500,393000,334,132643500,78700000000,200000
20241008,025860,남해화학,KOSPI,-,6650,-10,-0.15,6620,6670,6610,46895,311238360,330364305950,49678843
20241008,005720,넥센,KOSPI,-,4455,-95,-2.09,4550,4605,4455,38064,172623290,238538417535,53543977
20241008,005725,넥센우,KOSPI,-,3145,40,1.29,3050,3145,3050,412,1283340,11323887000,3600600
20241008,002350,넥센타이어,KOSPI,-,7300,-50,-0.68,7330,7410,7260,30079,220934530,712975502100,97667877
20241008,002355,넥센타이어1우B,KOSPI,-,3110,-25,-0.80,3095,3140,3095,4534,14189565,20215000000,6500000
20241008,092790,넥스틸,KOSPI,-,8280,-60,-0.72,8250,8390,8230,146714,1220255010,215296560000,26002000
20241008,251270,넷마블,KOSPI,-,61300,1500,2.51,59700,62500,58700,151684,9208439700,5268949672600,85953502
20241008,090350,노루페인트,KOSPI,-,8930,140,1.59,8790,8950,8760,58949,523916870,178600000000,20000000
20241008,090355,노루페인트우,KOSPI,-,13930,-50,-0.36,13850,13970,13850,515,7162330,6451345180,463126
20241008,000320,노루홀딩스,KOSPI,-,13570,90,0.67,13410,13630,13400,12592,170599120,180360919070,13291151
20241008,000325,노루홀딩스우,KOSPI,-,30000,-400,-1.32,30450,30450,29850,395,11824000,7306770000,243559
20241008,006280,녹십자,KOSPI,-,158500,6700,4.41,151000,160600,150300,117721,18603106700,1852316273000,11686538
20241008,005250,녹십자홀딩스,KOSPI,-,15300,-50,-0.33,15280,15630,15170,48644,750945470,719531613000,47028210
20241008,005257,녹십자홀딩스2우,KOSPI,-,24650,-50,-0.20,23950,25000,23950,216,5297850,20853653500,845990
20241008,004370,농심,KOSPI,-,365500,-15500,-4.07,378500,379000,365000,31539,11687898500,2223205651000,6082642
20241008,072710,농심홀딩스,KOSPI,-,66100,-600,-0.90,66800,67000,65900,6321,420656700,306557919000,4637790
20241008,058730,다스코,KOSPI,-,3210,10,0.31,3170,3235,3155,67419,215468390,60338180610,18796941
20241008,030210,다올투자증권,KOSPI,-,2990,5,0.17,3000,3000,2955,31708,94412290,182124206940,60911106
20241008,023590,다우기술,KOSPI,-,18500,-50,-0.27,18450,18720,18450,67449,1255290830,830032414500,44866617
20241008,145210,다이나믹디자인,KOSPI,-,3310,-400,-10.78,3645,3760,3260,2061462,7222576165,57266617830,17301093
20241008,019680,대교,KOSPI,-,2120,-10,-0.47,2130,2200,2110,66482,141999495,179570042000,84702850
20241008,019685,대교우B,KOSPI,-,1375,-20,-1.43,1399,1399,1375,8263,11456122,26712111250,19426990
20241008,006370,대구백화점,KOSPI,-,7640,170,2.28,7400,8130,7360,86131,672051860,82677108040,10821611
20241008,008060,대덕,KOSPI,-,6160,0,0.00,6180,6190,6130,36185,222491280,208763324000,33890150
20241008,00806K,대덕1우,KOSPI,-,6330,-130,-2.01,6500,6500,6330,120,760070,7674219810,1212357
20241008,353200,대덕전자,KOSPI,-,18130,-460,-2.47,18350,18610,18100,148762,2711213760,895928850250,49416925
20241008,35320K,대덕전자1우,KOSPI,-,8250,-60,-0.72,8430,8430,8200,1548,12737600,17288031750,2095519
20241008,000490,대동,KOSPI,-,8740,-160,-1.80,8840,8890,8740,47182,415595640,224100487120,25640788
20241008,008110,대동전자,KOSPI,-,15040,0,0.00,0,0,0,0,0,157776322880,10490447
20241008,005750,대림B&Co,KOSPI,-,3510,20,0.57,3480,3520,3480,3357,11715990,58519562400,16672240
20241008,006570,대림통상,KOSPI,-,2860,-5,-0.17,2850,2875,2830,3288,9400670,43543500000,15225000
20241008,001680,대상,KOSPI,-,20100,-450,-2.19,20450,20450,20100,107705,2176160650,696425302500,34648025
20241008,001685,대상우,KOSPI,-,16470,-170,-1.02,16520,16620,16430,2556,42096610,22567572810,1370223
20241008,084690,대상홀딩스,KOSPI,-,8280,-250,-2.93,8520,8520,8280,80438,675011900,299839814640,36212538
20241008,084695,대상홀딩스우,KOSPI,-,19250,-350,-1.79,19500,19500,19200,1617,31311590,17584528500,913482
20241008,128820,대성산업,KOSPI,-,3625,-10,-0.28,3635,3680,3615,188525,685462035,163978607750,45235478
20241008,117580,대성에너지,KOSPI,-,10080,0,0.00,10360,10370,10020,579090,5866881520,277200000000,27500000
20241008,016710,대성홀딩스,KOSPI,-,8000,50,0.63,7980,8020,7920,6778,54060660,128715672000,16089459
20241008,003540,대신증권,KOSPI,-,16640,200,1.22,16440,16640,16350,34522,569859410,844869376000,50773400
20241008,003547,대신증권2우B,KOSPI,-,14840,10,0.07,14850,14850,14770,13237,196232560,148400000000,10000000
20241008,003545,대신증권우,KOSPI,-,15350,-90,-0.58,15410,15450,15350,34746,535063460,399100000000,26000000
20241008,009190,대양금속,KOSPI,-,1726,41,2.43,1685,1741,1670,385312,663233592,73113335836,42359986
20241008,014160,대영포장,KOSPI,-,1037,-17,-1.61,1050,1066,1036,182399,191786666,112405147313,108394549
20241008,047040,대우건설,KOSPI,-,3790,-5,-0.13,3770,3845,3770,500142,1899382720,1575209798020,415622638
20241008,009320,대우부품,KOSPI,-,1091,2,0.18,1089,1092,1076,66015,71780046,53786049070,49299770
20241008,003090,대웅,KOSPI,-,24400,2000,8.93,22550,25150,22500,257018,6194715350,1418664312000,58141980
20241008,069620,대웅제약,KOSPI,-,143200,4500,3.24,138700,145400,138400,63408,9128489900,1659197540000,11586575
20241008,000430,대원강업,KOSPI,-,4070,-25,-0.61,4120,4120,4055,61875,252130450,252340000000,62000000
20241008,006340,대원전선,KOSPI,-,2975,-85,-2.78,3030,3040,2975,1038803,3111157340,223063045625,74979175
20241008,006345,대원전선우,KOSPI,-,4015,-85,-2.07,4070,4070,3965,15855,63744630,10524118000,2621200
20241008,003220,대원제약,KOSPI,-,14620,90,0.62,14530,14960,14510,153268,2265727350,327891263460,22427583
20241008,024890,대원화성,KOSPI,-,1197,-8,-0.66,1205,1205,1190,32448,38724295,49375234944,41249152
20241008,002880,대유에이텍,KOSPI,-,1075,21,1.99,1054,1075,1044,104472,110541032,50249821500,46744020
20241008,000300,대유플러스,KOSPI,-,241,0,0.00,0,0,0,0,0,30475633069,126454909
20241008,012800,대창,KOSPI,-,1328,-15,-1.12,1345,1345,1328,374253,499693013,121034582672,91140499
20241008,015230,대창단조,KOSPI,-,5060,-30,-0.59,5090,5090,5020,18752,94660040,144575483800,28572230
20241008,001070,대한방직,KOSPI,-,6060,50,0.83,6000,6080,5970,616,3703220,32118000000,5300000
20241008,006650,대한유화,KOSPI,-,111200,-5300,-4.55,116500,116500,111100,28272,3208613900,722800000000,6500000
20241008,001440,대한전선,KOSPI,-,12490,-360,-2.80,12880,12890,12490,1996548,25136440760,2328726777000,186447300
20241008,084010,대한제강,KOSPI,-,13680,190,1.41,13350,13700,13350,22610,307114470,320308950960,23414397
20241008,001790,대한제당,KOSPI,-,2960,-20,-0.67,2960,2990,2945,57149,169058815,265501876800,89696580
20241008,001795,대한제당우,KOSPI,-,2580,-25,-0.96,2595,2620,2580,7285,18927410,16725520800,6482760
20241008,001130,대한제분,KOSPI,-,139000,500,0.36,138500,139900,137500,1256,174159500,234910000000,1690000
20241008,003490,대한항공,KOSPI,-,21600,0,0.00,21400,21700,21350,691292,14885192600,7953566277600,368220661
20241008,003495,대한항공우,KOSPI,-,22900,-100,-0.43,23100,23100,22500,2011,45639850,25437182600,1110794
20241008,005880,대한해운,KOSPI,-,1915,-20,-1.03,1935,1943,1911,1778013,3415046853,611224835900,319177460
20241008,003830,대한화섬,KOSPI,-,120000,600,0.50,120000,121200,118500,2600,310964400,159360000000,1328000
20241008,016090,대현,KOSPI,-,2090,30,1.46,2040,2105,2030,247983,515982475,92550027900,44282310
20241008,069460,대호에이엘,KOSPI,-,1109,-3,-0.27,1102,1148,1096,124994,140503048,74907289664,67544896
20241008,192080,더블유게임즈,KOSPI,-,50500,1150,2.33,49350,50800,49050,79039,3968772300,1085543253000,21495906
20241008,012510,더존비즈온,KOSPI,-,47150,-50,-0.11,47500,49150,46450,400420,19098479100,1432548265600,30382784
20241008,004830,덕성,KOSPI,-,6820,-40,-0.58,6820,6950,6750,137998,940257310,106937600000,15680000
20241008,004835,덕성우,KOSPI,-,10180,-70,-0.68,10200,10340,10120,18145,185085380,14170560000,1392000
20241008,024900,덕양산업,KOSPI,-,3615,-120,-3.21,3735,3735,3615,60153,220466070,117722402700,32564980
20241008,145720,덴티움,KOSPI,-,80200,900,1.13,79800,83200,78900,60521,4927256400,887720166000,11068830
20241008,002150,도화엔지니어링,KOSPI,-,6740,20,0.30,6690,6800,6690,17004,114307610,227272800000,33720000
20241008,460850,동국씨엠,KOSPI,-,6560,-120,-1.80,6620,6720,6550,94737,627471300,196135183360,29898656
20241008,460860,동국제강,KOSPI,-,9890,-110,-1.10,9890,10320,9780,649188,6484407840,490623288130,49608017
20241008,001230,동국홀딩스,KOSPI,-,8170,-100,-1.21,8270,8280,8110,28944,237236060,259809946110,31800483
20241008,023450,동남합성,KOSPI,-,33100,100,0.30,33000,33400,32750,9238,305416150,115850000000,3500000
20241008,004140,동방,KOSPI,-,2640,-20,-0.75,2660,2720,2605,813429,2144211580,126645462240,47971766
20241008,007590,동방아그로,KOSPI,-,6180,-40,-0.64,6220,6230,6140,5421,33411970,84156625860,13617577
20241008,005960,동부건설,KOSPI,-,4250,-15,-0.35,4265,4280,4235,12136,51665775,97521966250,22946345
20241008,005965,동부건설우,KOSPI,-,22750,-50,-0.22,22550,22750,22550,6,135500,5135403000,225732
20241008,026960,동서,KOSPI,-,19300,-450,-2.28,19500,19700,19060,93964,1814212900,1924210000000,99700000
20241008,002210,동성제약,KOSPI,-,4495,-5,-0.11,4500,4500,4450,13249,59441695,117323860150,26100970
20241008,102260,동성케미컬,KOSPI,-,4415,-10,-0.23,4420,4430,4390,26837,118267690,219380149120,49689728
20241008,000640,동아쏘시오홀딩스,KOSPI,-,114300,900,0.79,113500,114700,112500,3255,370121000,725680755900,6348913
20241008,170900,동아에스티,KOSPI,-,70100,-700,-0.99,70800,71900,70000,12831,909043900,642555667200,9166272
20241008,028100,동아지질,KOSPI,-,12110,20,0.17,12000,12260,11980,27785,337513050,170177543060,14052646
20241008,001520,동양,KOSPI,-,786,-14,-1.75,802,804,786,105284,83635964,187605673518,238684063
20241008,001527,동양2우B,KOSPI,-,9880,340,3.56,9650,9900,9650,211,2015850,3048661720,308569
20241008,084670,동양고속,KOSPI,-,8600,90,1.06,8520,8610,8510,1266,10845610,24901893400,2895569
20241008,082640,동양생명,KOSPI,-,5580,150,2.76,5400,5600,5390,340427,1884250670,900380904300,161358585
20241008,001525,동양우,KOSPI,-,4675,45,0.97,4665,4675,4665,34,158930,2887892425,617731
20241008,008970,동양철관,KOSPI,-,878,-13,-1.46,892,893,877,649271,572114788,137891796480,157052160
20241008,092780,동양피스톤,KOSPI,-,5550,-20,-0.36,5670,5670,5450,15773,86685870,73084953000,13168460
20241008,049770,동원F&B,KOSPI,-,32200,-50,-0.16,31950,32200,31700,11519,367568850,621318964000,19295620
20241008,018500,동원금속,KOSPI,-,1336,-19,-1.40,1365,1365,1320,86432,114930439,62464590488,46754933
20241008,006040,동원산업,KOSPI,-,32150,100,0.31,31850,32200,31650,20343,649464250,1158103924250,36021895
20241008,030720,동원수산,KOSPI,-,5850,10,0.17,5840,5890,5840,2121,12409530,27224759250,4653805
20241008,014820,동원시스템즈,KOSPI,-,50600,2200,4.55,47800,50900,47400,169536,8419881300,1466958869200,28991282
20241008,014825,동원시스템즈우,KOSPI,-,23450,350,1.52,22600,23450,22500,607,13904050,6193402950,264111
20241008,111380,동인기연,KOSPI,-,20150,-250,-1.23,20400,20450,19900,14053,283348350,123479200000,6128000
20241008,163560,동일고무벨트,KOSPI,-,7400,-210,-2.76,7610,7630,7370,42068,313589340,102860000000,13900000
20241008,004890,동일산업,KOSPI,-,42300,0,0.00,42550,42550,42200,364,15409700,102586594500,2425215
20241008,002690,동일제강,KOSPI,-,1574,9,0.58,1565,1575,1562,8485,13292342,31952766640,20300360
20241008,000020,동화약품,KOSPI,-,7680,-50,-0.65,7740,7790,7660,41223,318017740,214513689600,27931470
20241008,000150,두산,KOSPI,-,170400,400,0.24,168300,173000,167200,58300,9955139000,2815661484000,16523835
20241008,000157,두산2우B,KOSPI,-,80500,-200,-0.25,80000,81000,79400,270,21654400,71889559000,893038
20241008,454910,두산로보틱스,KOSPI,-,62000,-1000,-1.59,62400,62600,61500,143760,8911778200,4018838760000,64819980
20241008,241560,두산밥캣,KOSPI,-,39800,-1050,-2.57,40450,40500,39700,477866,19129274550,3989916806800,100249166
20241008,034020,두산에너빌리티,KOSPI,-,18370,100,0.55,18130,18760,18110,4087833,75613166530,11767108252020,640561146
20241008,000155,두산우,KOSPI,-,80600,200,0.25,80400,81000,79700,7405,597500100,322114837200,3996462
20241008,336260,두산퓨얼셀,KOSPI,-,18410,-160,-0.86,18510,18800,18300,121491,2250413310,1205739495660,65493726
20241008,33626K,두산퓨얼셀1우,KOSPI,-,5530,-50,-0.90,5530,5580,5470,5319,29366870,73904026000,13364200
20241008,33626L,두산퓨얼셀2우B,KOSPI,-,8990,40,0.45,8910,9000,8910,1883,16883890,26846837000,2986300
20241008,016740,두올,KOSPI,-,3440,90,2.69,3360,3445,3350,96798,329796665,110309379200,32066680
20241008,192650,드림텍,KOSPI,-,8730,200,2.34,8500,8770,8440,114657,987420980,601349576490,68883113
20241008,024090,디씨엠,KOSPI,-,12480,-20,-0.16,12600,12600,12410,7704,96049610,142272000000,11400000
20241008,003160,디아이,KOSPI,-,15840,-270,-1.68,15710,16390,15630,397188,6349965990,448272000000,28300000
20241008,092200,디아이씨,KOSPI,-,3960,-60,-1.49,4020,4060,3960,151768,606179530,153998733240,38888569
20241008,377190,디앤디플랫폼리츠,KOSPI,-,3410,-20,-0.58,3415,3460,3380,99334,338708145,219604000000,64400000
20241008,013570,디와이,KOSPI,-,4965,5,0.10,4910,4975,4900,74421,367286365,130676977845,26319633
20241008,210540,디와이파워,KOSPI,-,12590,20,0.16,12570,12700,12490,9458,118933770,139015103720,11041708
20241008,115390,락앤락,KOSPI,-,8630,-10,-0.12,8640,8650,8620,2328,20073250,373906926930,43326411
20241008,032350,롯데관광개발,KOSPI,-,10180,200,2.00,10010,10220,9980,680123,6899453920,775677142940,76196183
20241008,089860,롯데렌탈,KOSPI,-,30250,-450,-1.47,30600,30650,30100,27938,847167400,1108180405750,36634063
20241008,330590,롯데리츠,KOSPI,-,3450,-60,-1.71,3510,3550,3450,505213,1771534285,838242649800,242968884
20241008,000400,롯데손해보험,KOSPI,-,2235,-110,-4.69,2305,2340,2185,1152649,2567863510,693601675200,310336320
20241008,023530,롯데쇼핑,KOSPI,-,61900,-900,-1.43,63400,63400,61900,39217,2441196500,1751073934500,28288755
20241008,020150,롯데에너지머티리얼즈,KOSPI,-,42350,900,2.17,40950,42800,40500,207305,8718811950,1952793862250,46110835
20241008,280360,롯데웰푸드,KOSPI,-,150000,5500,3.81,144300,151500,142500,20047,3002495400,1415186100000,9434574
20241008,286940,롯데이노베이트,KOSPI,-,23600,-850,-3.48,24400,24400,23450,60905,1445470250,357053061200,15129367
20241008,004000,롯데정밀화학,KOSPI,-,49250,-650,-1.30,50100,50600,49250,104062,5190479650,1270650000000,25800000
20241008,004990,롯데지주,KOSPI,-,24350,-150,-0.61,24500,24500,24300,89602,2185337250,2554539920950,104909237
20241008,00499K,롯데지주우,KOSPI,-,31300,-150,-0.48,31400,31700,31300,225,7076550,25215373900,805603
20241008,005300,롯데칠성,KOSPI,-,126900,-1500,-1.17,128300,128400,126900,11181,1424113900,1177490379600,9278884
20241008,005305,롯데칠성우,KOSPI,-,66700,-300,-0.45,66500,66800,66500,89,5930600,51713177000,775310
20241008,011170,롯데케미칼,KOSPI,-,97500,-4900,-4.79,102200,104300,97000,232173,23165710000,4170603352500,42775419
20241008,071840,롯데하이마트,KOSPI,-,8140,30,0.37,8110,8200,8070,23943,194538760,192166775680,23607712
20241008,027740,마니커,KOSPI,-,948,-5,-0.52,953,1048,947,523236,512616523,60208644144,63511228
20241008,357430,마스턴프리미어리츠,KOSPI,-,2250,-15,-0.66,2275,2275,2240,25209,56663640,59805000000,26580000
20241008,001080,만호제강,KOSPI,-,29450,-850,-2.81,29850,30000,29050,11762,348844200,122217500000,4150000
20241008,088980,맥쿼리인프라,KOSPI,-,11670,-20,-0.17,11690,11690,11650,576369,6723359200,5085568412850,435781355
20241008,094800,맵스리얼티1,KOSPI,-,4580,-5,-0.11,4580,4595,4540,54874,251252005,425181235980,92834331
20241008,138040,메리츠금융지주,KOSPI,-,99000,-300,-0.30,99400,99400,97200,224247,22053274900,18881291286000,190720114
20241008,090370,메타랩스,KOSPI,-,1613,-7,-0.43,1600,1626,1590,6157,9926292,40171263357,24904689
20241008,118000,메타케어,KOSPI,-,354,7,2.02,347,357,346,200801,70759691,58331186856,164777364
20241008,017180,명문제약,KOSPI,-,2090,0,0.00,2070,2120,2060,67662,141545710,70962718860,33953454
20241008,009900,명신산업,KOSPI,-,12810,-120,-0.93,12800,12930,12640,65104,831345340,672142403730,52470133
20241008,012690,모나리자,KOSPI,-,3120,-30,-0.95,3160,3180,3110,71100,222663545,114102315600,36571255
20241008,005360,모나미,KOSPI,-,2350,-20,-0.84,2350,2365,2220,58753,136729780,44408671450,18897307
20241008,070960,모나용평,KOSPI,-,4150,0,0.00,4150,4250,4100,93006,388682390,199753331950,48133333
20241008,009680,모토닉,KOSPI,-,8710,-30,-0.34,8740,8780,8680,8943,78017070,287430000000,33000000
20241008,009580,무림P&P,KOSPI,-,2910,5,0.17,2905,2910,2875,65733,189922405,181491822840,62368324
20241008,009200,무림페이퍼,KOSPI,-,2090,-35,-1.65,2125,2125,2080,62681,131458765,86963457900,41609310
20241008,033920,무학,KOSPI,-,5850,-110,-1.85,5910,5970,5830,53896,316406010,166725000000,28500000
20241008,008420,문배철강,KOSPI,-,2450,-5,-0.20,2445,2455,2425,9963,24294310,50233587250,20503505
20241008,025560,미래산업,KOSPI,-,1180,-90,-7.09,1270,1276,1177,784674,952006814,36776900700,31166865
20241008,007120,미래아이앤지,KOSPI,-,1130,20,1.80,1102,1150,1102,51166,57492927,32632827040,28878608
20241008,396690,미래에셋글로벌리츠,KOSPI,-,2840,-45,-1.56,2885,2890,2805,101242,287760320,112480869600,39605940
20241008,357250,미래에셋맵스리츠,KOSPI,-,3065,-35,-1.13,3120,3120,3055,63990,196160455,76609996825,24995105
20241008,085620,미래에셋생명,KOSPI,-,5240,10,0.19,5220,5300,5210,32333,169816070,927564830360,177016189
20241008,006800,미래에셋증권,KOSPI,-,8740,140,1.63,8610,8820,8520,765590,6661024990,5203065405920,595316408
20241008,00680K,미래에셋증권2우B,KOSPI,-,3885,-5,-0.13,3890,3900,3850,60005,232428940,543900000000,140000000
20241008,006805,미래에셋증권우,KOSPI,-,4140,0,0.00,4140,4190,4100,6323,26064360,58273605000,14075750
20241008,002840,미원상사,KOSPI,-,195800,-1700,-0.86,197400,198700,193700,1321,259233000,930050000000,4750000
20241008,268280,미원에스씨,KOSPI,-,132000,700,0.53,130300,132100,130300,307,40389500,660000000000,5000000
20241008,107590,미원홀딩스,KOSPI,-,78300,-1000,-1.26,79400,79400,78300,162,12720400,181656000000,2320000
20241008,134380,미원화학,KOSPI,-,79600,-400,-0.50,79300,80000,79300,39,3105200,175061732800,2199268
20241008,003650,미창석유,KOSPI,-,99300,-900,-0.90,101000,104500,99100,2791,284404700,172749429600,1739672
20241008,377740,바이오노트,KOSPI,-,4685,85,1.85,4615,4735,4565,182190,848535265,478132584880,102056048
20241008,003610,방림,KOSPI,-,3470,-30,-0.86,3500,3530,3400,110880,385528815,146829892300,42314090
20241008,001340,백광산업,KOSPI,-,10420,140,1.36,10190,10490,9920,580485,5965878970,468049800940,44918407
20241008,035150,백산,KOSPI,-,14130,-350,-2.42,14470,14690,14060,40535,580378150,303795000000,21500000
20241008,002410,범양건영,KOSPI,-,1153,3,0.26,1138,1157,1135,16188,18508621,28631275246,24831982
20241008,007210,벽산,KOSPI,-,2050,-20,-0.97,2065,2075,2045,57778,118849450,138498000000,67560000
20241008,002760,보락,KOSPI,-,1316,303,29.91,1008,1316,1006,25423389,31468895178,78828400000,59900000
20241008,003850,보령,KOSPI,-,11080,480,4.53,10680,11890,10680,1733847,19564780570,761085200000,68690000
20241008,000890,보해양조,KOSPI,-,446,-1,-0.22,447,447,444,84043,37454850,62047577534,139120129
20241008,003000,부광약품,KOSPI,-,5060,30,0.60,5010,5120,5000,67463,342002610,346380635260,68454671
20241008,001270,부국증권,KOSPI,-,29100,250,0.87,29100,29900,28400,4910,141909700,301763682600,10369886
20241008,001275,부국증권우,KOSPI,-,22100,0,0.00,22100,22100,22100,288,6364800,66300000000,3000000
20241008,026940,부국철강,KOSPI,-,2660,-5,-0.19,2655,2670,2640,14949,39638840,53200000000,20000000
20241008,011390,부산산업,KOSPI,-,49100,0,0.00,49100,49450,48850,2769,135905700,51849600000,1056000
20241008,005030,부산주공,KOSPI,-,486,0,0.00,0,0,0,0,0,38288532168,78782988
20241008,002070,비비안,KOSPI,-,851,2,0.24,849,865,849,19605,16790773,25354685490,29793990
20241008,100220,비상교육,KOSPI,-,4955,-95,-1.88,5030,5030,4955,6445,32055685,64398851655,12996741
20241008,090460,비에이치,KOSPI,-,16870,-540,-3.10,17180,17230,16800,473377,8013043370,581414073730,34464379
20241008,005180,빙그레,KOSPI,-,62600,-1800,-2.80,63500,64400,62600,26224,1650906600,616687686600,9851241
20241008,003960,사조대림,KOSPI,-,49000,-500,-1.01,49400,49500,48600,29780,1456571000,449058883000,9164467
20241008,008040,사조동아원,KOSPI,-,990,-6,-0.60,991,996,988,285284,282521339,139733154000,141144600
20241008,007160,사조산업,KOSPI,-,62000,800,1.31,60500,62300,60200,22748,1395482000,310000000000,5000000
20241008,014710,사조씨푸드,KOSPI,-,7520,130,1.76,7370,7580,7270,71156,529287710,129483443360,17218543
20241008,006090,사조오양,KOSPI,-,8850,10,0.11,8840,8920,8800,13403,118574300,83391240150,9422739
20241008,062040,산일전기,KOSPI,-,45250,-1850,-3.93,46500,47100,45200,221053,10110486350,1377645300000,30445200
20241008,001470,삼부토건,KOSPI,-,522,6,1.16,516,557,516,4448530,2363499344,116725372128,223611824
20241008,028050,삼성E&A,KOSPI,-,22400,0,0.00,22300,22900,22150,1122253,25371862100,4390400000000,196000000
20241008,448730,삼성FN리츠,KOSPI,-,4800,0,0.00,4800,4835,4765,135735,650555970,437040000000,91050000
20241008,006400,삼성SDI,KOSPI,-,371000,3500,0.95,364000,375000,361000,298267,109754130000,25511640630000,68764530
20241008,006405,삼성SDI우,KOSPI,-,223000,0,0.00,220000,225000,220000,1986,442297000,360790808000,1617896
20241008,006660,삼성공조,KOSPI,-,12040,-240,-1.95,12500,12640,12040,174214,2147803010,97840820560,8126314
20241008,028260,삼성물산,KOSPI,-,134600,-700,-0.52,134000,134700,131300,308971,41197964000,23929740802200,177784107
20241008,02826K,삼성물산우B,KOSPI,-,100400,-1300,-1.28,101800,101800,100300,2916,293704000,147346036000,1467590
20241008,207940,삼성바이오로직스,KOSPI,-,1004000,3000,0.30,994000,1009000,992000,53272,53355282000,71458696000000,71174000
20241008,032830,삼성생명,KOSPI,-,96400,1300,1.37,95400,97300,93500,241686,23108798000,19280000000000,200000000
20241008,018260,삼성에스디에스,KOSPI,-,148200,-900,-0.60,149100,149100,146200,117952,17387683300,11467389960000,77377800
20241008,009150,삼성전기,KOSPI,-,129800,-1800,-1.37,130500,130700,129500,202214,26268542900,9695241740800,74693696
20241008,009155,삼성전기우,KOSPI,-,63200,-400,-0.63,63600,63600,62900,2146,135595200,183721388800,2906984
20241008,005930,삼성전자,KOSPI,-,60300,-700,-1.15,60000,61000,59900,27411786,1652788512596,359977887765000,5969782550
20241008,005935,삼성전자우,KOSPI,-,49900,-1000,-1.96,50100,50600,49900,2985929,149723026459,41062046330000,822886700
20241008,001360,삼성제약,KOSPI,-,1765,-15,-0.84,1774,1797,1762,507760,902035647,166196069435,94162079
20241008,010140,삼성중공업,KOSPI,-,9860,-150,-1.50,9900,10040,9840,3544229,35095467530,8676800000000,880000000
20241008,016360,삼성증권,KOSPI,-,44550,-100,-0.22,44300,44600,43900,218486,9699770650,3978315000000,89300000
20241008,068290,삼성출판사,KOSPI,-,14860,-140,-0.93,14820,15110,14820,6071,90478660,148600000000,10000000
20241008,029780,삼성카드,KOSPI,-,40150,-850,-2.07,41000,41000,39900,98537,3961790000,4651734473650,115858891
20241008,000810,삼성화재,KOSPI,-,327500,-9000,-2.67,331500,332500,324500,106499,34911672500,15515259117500,47374837
20241008,000815,삼성화재우,KOSPI,-,270500,-2000,-0.73,272500,273500,269500,2716,734366500,863436000000,3192000
20241008,006110,삼아알미늄,KOSPI,-,58400,3700,6.76,53500,59500,53300,263721,14948894300,859175894400,14711916
20241008,145990,삼양사,KOSPI,-,49950,600,1.22,48900,50000,48900,6461,321010150,515156777550,10313449
20241008,145995,삼양사우,KOSPI,-,30850,250,0.82,30650,30900,30650,1194,36717600,11416659500,370070
20241008,003230,삼양식품,KOSPI,-,524000,-24000,-4.38,543000,546000,524000,67655,35928815000,3947299860000,7533015
20241008,002170,삼양통상,KOSPI,-,48900,350,0.72,48200,49150,48150,5792,281397900,146700000000,3000000
20241008,272550,삼양패키징,KOSPI,-,17070,-30,-0.18,17090,17140,16810,11223,190002340,269512613970,15788671
20241008,000070,삼양홀딩스,KOSPI,-,79700,1400,1.79,78400,81200,77700,18555,1480476900,682572398700,8564271
20241008,000075,삼양홀딩스우,KOSPI,-,57000,200,0.35,57400,57400,57000,202,11560000,17331306000,304058
20241008,003720,삼영,KOSPI,-,5260,-150,-2.77,5400,5460,5260,216769,1154643150,178840000000,34000000
20241008,002810,삼영무역,KOSPI,-,12680,-20,-0.16,12700,12720,12610,7201,91251760,234160900640,18466948
20241008,005680,삼영전자,KOSPI,-,9510,-60,-0.63,9570,9580,9510,28208,268785300,190200000000,20000000
20241008,023000,삼원강재,KOSPI,-,2580,-20,-0.77,2600,2605,2555,3391,8718555,103200000000,40000000
20241008,004380,삼익THK,KOSPI,-,9740,-90,-0.92,9820,9820,9640,16204,157392930,204540000000,21000000
20241008,002450,삼익악기,KOSPI,-,1087,4,0.37,1074,1094,1074,68318,73711245,98407104605,90530915
20241008,004440,삼일씨엔에스,KOSPI,-,4115,45,1.11,4110,4185,4030,11023,45616335,52391961905,12731947
20241008,000520,삼일제약,KOSPI,-,17060,900,5.57,16150,17700,16030,916523,15539617990,368448214940,21597199
20241008,009770,삼정펄프,KOSPI,-,26650,-150,-0.56,26800,26900,26550,417,11131000,66624227150,2499971
20241008,005500,삼진제약,KOSPI,-,18700,270,1.47,18430,18710,18390,12024,223144940,259930000000,13900000
20241008,004690,삼천리,KOSPI,-,90000,100,0.11,90000,90400,89500,2750,247442600,364952250000,4055025
20241008,010960,삼호개발,KOSPI,-,3195,30,0.95,3165,3215,3160,19068,60808570,79875000000,25000000
20241008,004450,삼화왕관,KOSPI,-,31850,0,0.00,31700,31850,31450,184,5809600,68616971150,2154379
20241008,009470,삼화전기,KOSPI,-,47300,-1650,-3.37,48200,48950,47300,88656,4259879600,312833686000,6613820
20241008,011230,삼화전자,KOSPI,-,3055,0,0.00,3085,3100,3025,12430,37956465,51637748500,16902700
20241008,001820,삼화콘덴서,KOSPI,-,36400,1250,3.56,35100,37350,35100,122622,4467546500,378378000000,10395000
20241008,000390,삼화페인트,KOSPI,-,7710,330,4.47,7370,7870,7360,455229,3513785670,209738745990,27203469
20241008,001290,상상인증권,KOSPI,-,479,-3,-0.62,480,483,475,27122,13011194,51893480480,108337120
20241008,041650,상신브레이크,KOSPI,-,3460,10,0.29,3500,3505,3435,23295,80658915,74291217000,21471450
20241008,075180,새론오토모티브,KOSPI,-,3895,5,0.13,3925,3925,3865,270,1056340,74784000000,19200000
20241008,007540,샘표,KOSPI,-,45100,-350,-0.77,45100,45600,44950,3150,142263600,129698580000,2875800
20241008,248170,샘표식품,KOSPI,-,27800,-400,-1.42,28200,28300,27800,5801,162537550,126998350800,4568286
20241008,007860,서연,KOSPI,-,7500,0,0.00,7410,7500,7350,36419,271051850,176098830000,23479844
20241008,200880,서연이화,KOSPI,-,14300,-150,-1.04,14400,14440,14270,65272,934536320,386506649100,27028437
20241008,017390,서울가스,KOSPI,-,53300,-100,-0.19,53400,53500,53100,1717,91499600,266500000000,5000000
20241008,004410,서울식품,KOSPI,-,164,1,0.61,163,164,162,400469,65162968,61459911676,374755559
20241008,004415,서울식품우,KOSPI,-,1314,-2,-0.15,1311,1336,1311,1393,1829318,2922993000,2224500
20241008,021050,서원,KOSPI,-,1308,-4,-0.30,1310,1315,1299,42083,54863556,62096763720,47474590
20241008,008490,서흥,KOSPI,-,17000,-50,-0.29,16880,17180,16880,2868,48936810,196674921000,11569113
20241008,007610,선도전기,KOSPI,-,3000,0,0.00,0,0,0,0,0,54000000000,18000000
20241008,136490,선진,KOSPI,-,7090,80,1.14,7000,7110,6920,29903,208255710,168597392360,23779604
20241008,014910,성문전자,KOSPI,-,1280,0,0.00,1280,1284,1265,14525,18543571,28750060800,22460985
20241008,014915,성문전자우,KOSPI,-,4985,40,0.81,4985,4985,4980,576,2871345,2991000000,600000
20241008,003080,성보화학,KOSPI,-,2660,-5,-0.19,2650,2670,2630,34483,91162485,53253200000,20020000
20241008,004980,성신양회,KOSPI,-,8020,0,0.00,7950,8040,7940,29764,237684500,196618905460,24516073
20241008,004985,성신양회우,KOSPI,-,11370,10,0.09,11400,11540,11250,2574,29213680,8364283650,735645
20241008,011300,성안머티리얼스,KOSPI,-,525,-16,-2.96,542,545,504,751004,388526125,42503378925,80958817
20241008,000180,성창기업지주,KOSPI,-,1597,-3,-0.19,1588,1608,1588,18346,29284529,111393305200,69751600
20241008,002420,세기상사,KOSPI,-,6140,-130,-2.07,6420,6440,6090,50657,315803330,34131326720,5558848
20241008,004360,세방,KOSPI,-,12710,-160,-1.24,12870,12870,12680,46353,590308340,245413449900,19308690
20241008,004365,세방우,KOSPI,-,7820,10,0.13,7840,7880,7800,661,5157540,28849935000,3689250
20241008,004490,세방전지,KOSPI,-,78000,-7500,-8.77,85500,85700,77400,267096,21277532900,1092000000000,14000000
20241008,001430,세아베스틸지주,KOSPI,-,20950,50,0.24,20750,21100,20750,51348,1074939100,751311393050,35862119
20241008,306200,세아제강,KOSPI,-,116900,-1100,-0.93,118000,118500,116900,4481,526043400,331563470000,2836300
20241008,003030,세아제강지주,KOSPI,-,173200,200,0.12,175200,176400,171100,4151,723757900,717334992400,4141657
20241008,019440,세아특수강,KOSPI,-,13660,-110,-0.80,13770,13810,13660,8689,119328060,117066200000,8570000
20241008,058650,세아홀딩스,KOSPI,-,100700,-300,-0.30,101000,102700,100700,1224,123594900,402800000000,4000000
20241008,013000,세우글로벌,KOSPI,-,1305,-17,-1.29,1302,1335,1301,12437,16332900,37460065455,28705031
20241008,091090,세원이앤씨,KOSPI,-,1270,0,0.00,0,0,0,0,0,54838923850,43180255
20241008,021820,세원정공,KOSPI,-,7590,-10,-0.13,7670,7670,7560,2821,21389240,75900000000,10000000
20241008,067830,세이브존I&C,KOSPI,-,2130,0,0.00,2110,2155,2095,39978,84622190,87417106350,41040895
20241008,075580,세진중공업,KOSPI,-,7360,-200,-2.65,7550,7630,7340,318604,2364353960,418411996160,56849456
20241008,068270,셀트리온,KOSPI,-,191200,-2300,-1.19,192300,193400,191200,487908,93513690400,41494451528000,217021190
20241008,336370,솔루스첨단소재,KOSPI,-,13090,150,1.16,12810,13360,12810,287907,3772031820,919145032960,70217344
20241008,33637K,솔루스첨단소재1우,KOSPI,-,2620,20,0.77,2600,2670,2590,14589,38166165,44300966920,16908766
20241008,33637L,솔루스첨단소재2우B,KOSPI,-,6060,70,1.17,6030,6120,5930,4271,25626390,22896473760,3778296
20241008,248070,솔루엠,KOSPI,-,20150,150,0.75,20050,20350,19630,234288,4690931410,1007611852650,50005551
20241008,004430,송원산업,KOSPI,-,13310,290,2.23,12900,13400,12790,115269,1519878390,319440000000,24000000
20241008,126720,수산인더스트리,KOSPI,-,20750,-200,-0.95,20900,21000,20700,11021,229662350,296434500000,14286000
20241008,017550,수산중공업,KOSPI,-,1687,-3,-0.18,1688,1693,1680,98371,165702316,105267332310,62399130
20241008,053210,스카이라이프,KOSPI,-,5050,60,1.20,5000,5100,4960,35187,177264235,239990922750,47522955
20241008,204210,스타에스엠리츠,KOSPI,-,2670,10,0.38,2635,2700,2635,19437,51945815,20897596050,7826815
20241008,026890,스틱인베스트먼트,KOSPI,-,8040,-110,-1.35,8080,8250,8040,55021,444555130,335092527000,41678175
20241008,134790,시디즈,KOSPI,-,28750,250,0.88,28450,28850,28200,2568,73407900,57500000000,2000000
20241008,462870,시프트업,KOSPI,-,61100,-3400,-5.27,63700,64300,60400,266954,16477334700,3564251392000,58334720
20241008,016590,신대양제지,KOSPI,-,5710,60,1.06,5650,5730,5650,15826,90174110,230100552200,40297820
20241008,029530,신도리코,KOSPI,-,40500,-900,-2.17,41800,41800,40350,19729,801154200,408241174500,10080029
20241008,004970,신라교역,KOSPI,-,9390,-70,-0.74,9390,9460,9380,6259,58780490,150240000000,16000000
20241008,011930,신성이엔지,KOSPI,-,1655,-10,-0.60,1670,1672,1650,273257,452997506,340678689905,205848151
20241008,005390,신성통상,KOSPI,-,2355,5,0.21,2365,2370,2325,195573,459629820,338433258450,143708390
20241008,004170,신세계,KOSPI,-,154900,-4700,-2.94,159500,159700,154000,25193,3931697800,1525018536900,9845181
20241008,035510,신세계 I&C,KOSPI,-,9750,120,1.25,9700,9750,9550,17228,165865520,167700000000,17200000
20241008,034300,신세계건설,KOSPI,-,18180,10,0.06,18170,18240,18170,101806,1850128040,141086871720,7760554
20241008,031430,신세계인터내셔날,KOSPI,-,13740,20,0.15,13600,13820,13600,32975,452442870,490518000000,35700000
20241008,031440,신세계푸드,KOSPI,-,35500,-100,-0.28,35600,35800,35400,1306,46456600,137473040000,3872480
20241008,006880,신송홀딩스,KOSPI,-,6540,-90,-1.36,6640,6660,6530,35299,232091290,77360731320,11828858
20241008,005800,신영와코루,KOSPI,-,9120,50,0.55,9230,9240,9100,10266,93722940,82080000000,9000000
20241008,001720,신영증권,KOSPI,-,82200,2000,2.49,80800,82200,80100,6264,507629000,1351368000000,16440000
20241008,009270,신원,KOSPI,-,1211,15,1.25,1192,1211,1192,191882,231102088,124232077116,102586356
20241008,002700,신일전자,KOSPI,-,1513,-6,-0.39,1516,1518,1503,68256,103050715,107494899273,71047521
20241008,002870,신풍,KOSPI,-,1021,41,4.18,980,1034,975,346728,350708648,35692832700,34958700
20241008,019170,신풍제약,KOSPI,-,12150,-40,-0.33,12030,12360,12030,105489,1286464990,643767628500,52984990
20241008,019175,신풍제약우,KOSPI,-,19650,110,0.56,19520,19700,19520,1701,33276080,43230000000,2200000
20241008,481850,신한글로벌액티브리츠,KOSPI,-,2535,-45,-1.74,2580,2580,2520,59004,150106825,110215878240,43477664
20241008,404990,신한서부티엔디리츠,KOSPI,-,3770,30,0.80,3760,3845,3715,39902,150122000,210953682680,55955884
20241008,293940,신한알파리츠,KOSPI,-,5960,30,0.51,5960,5990,5900,301027,1789991190,525076733080,88100123
20241008,055550,신한지주,KOSPI,-,55400,-100,-0.18,54900,55500,54300,1151924,63396154500,28220384055600,509393214
20241008,004080,신흥,KOSPI,-,14290,-10,-0.07,14230,14300,14220,980,13989060,135755000000,9500000
20241008,102280,쌍방울,KOSPI,-,269,0,0.00,0,0,0,0,0,70637282701,262592129
20241008,004770,써니전자,KOSPI,-,1611,2,0.12,1601,1623,1600,100545,162415456,59128346124,36702884
20241008,403550,쏘카,KOSPI,-,17850,70,0.39,17780,17850,17640,2588,45971000,585656750700,32809902
20241008,004920,씨아이테크,KOSPI,-,1490,-36,-2.36,1518,1566,1444,502030,749629134,74598031570,50065793
20241008,112610,씨에스윈드,KOSPI,-,66300,-200,-0.30,66000,68900,65700,423408,28442766200,2795964018900,42171403
20241008,308170,씨티알모빌리티,KOSPI,-,5910,-100,-1.66,6010,6050,5900,2434,14508280,50885100000,8610000
20241008,008700,아남전자,KOSPI,-,1276,-9,-0.70,1270,1284,1270,62858,80195103,98411270320,77124820
20241008,002790,아모레G,KOSPI,-,24750,-1000,-3.88,25700,25750,24750,294017,7344257050,2040839955000,82458180
20241008,00279K,아모레G3우(전환),KOSPI,-,19370,-360,-1.82,19700,19700,19370,8218,159662310,137375914000,7092200
20241008,002795,아모레G우,KOSPI,-,9510,-200,-2.06,9740,9740,9460,6447,61452270,61280252700,6443770
20241008,090430,아모레퍼시픽,KOSPI,-,125200,-5100,-3.91,129700,130000,124500,652203,82274042100,7323293426800,58492759
20241008,090435,아모레퍼시픽우,KOSPI,-,36300,-1000,-2.68,37300,37300,36250,19495,712001000,383249229000,10557830
20241008,002030,아세아,KOSPI,-,254500,-1000,-0.39,253500,255000,253000,1392,353566000,538432416000,2115648
20241008,183190,아세아시멘트,KOSPI,-,10990,100,0.92,10800,11010,10720,39694,432602140,423135727140,38501886
20241008,002310,아세아제지,KOSPI,-,8200,50,0.61,8150,8200,8040,68029,551474760,367216582000,44782510
20241008,012170,아센디오,KOSPI,-,541,-23,-4.08,565,569,538,943817,519213400,56031093008,103569488
20241008,267850,아시아나IDT,KOSPI,-,16590,20,0.12,16390,16660,16390,5936,98138030,184149000000,11100000
20241008,020560,아시아나항공,KOSPI,-,9000,-330,-3.54,9330,9350,9000,83467,767319990,669705876000,74411764
20241008,122900,아이마켓코리아,KOSPI,-,8400,40,0.48,8310,8400,8310,14839,124120750,280802256000,33428840
20241008,010780,아이에스동서,KOSPI,-,21550,-400,-1.82,21950,22050,21550,43755,949684050,650529332800,30186976
20241008,139990,아주스틸,KOSPI,-,5150,10,0.19,5140,5170,5080,9168,46945070,136566381600,26517744
20241008,001780,알루코,KOSPI,-,2530,30,1.20,2480,2680,2455,1903759,4876786630,244980233960,96830132
20241008,018250,애경산업,KOSPI,-,18060,-830,-4.39,18680,19030,18030,34667,638881030,476963426100,26409935
20241008,161000,애경케미칼,KOSPI,-,11770,-20,-0.17,11600,11810,11520,183829,2151389060,572595304930,48648709
20241008,011090,에넥스,KOSPI,-,585,14,2.45,574,590,574,137708,80295665,35095109985,59991641
20241008,137310,에스디바이오센서,KOSPI,-,9030,-60,-0.66,9090,9110,9020,162613,1472202780,1124030497590,124477353
20241008,005850,에스엘,KOSPI,-,34150,-450,-1.30,34600,34700,34050,61977,2125578150,1586216958000,46448520
20241008,010580,에스엠벡셀,KOSPI,-,1227,-5,-0.41,1219,1239,1219,4180,5139304,136505909520,111251760
20241008,012750,에스원,KOSPI,-,57200,-700,-1.21,57400,58000,56300,38653,2213951600,2173552981600,37999178
20241008,023960,에쓰씨엔지니어링,KOSPI,-,2030,-100,-4.69,2125,2125,2030,402473,827248860,66728698400,32871280
20241008,298690,에어부산,KOSPI,-,2345,-35,-1.47,2380,2395,2340,111429,262625425,273520800000,116640000
20241008,140910,에이리츠,KOSPI,-,3130,0,0.00,0,0,0,0,0,13969290160,4463032
20241008,078520,에이블씨엔씨,KOSPI,-,7280,-340,-4.46,7580,7580,7280,122900,908385250,189383092080,26014161
20241008,015260,에이엔피,KOSPI,-,709,-19,-2.61,719,730,709,48791,34798279,31987877846,45116894
20241008,007460,에이프로젠,KOSPI,-,1155,-25,-2.12,1199,1199,1149,3198875,3716091383,331313792040,286851768
20241008,003060,에이프로젠바이오로직스,KOSPI,-,892,-18,-1.98,910,920,888,987762,889329195,176979797740,198407845
20241008,244920,에이플러스에셋,KOSPI,-,4195,-30,-0.71,4225,4230,4155,40942,170892545,94839272135,22607693
20241008,278470,에이피알,KOSPI,-,267000,3000,1.14,263000,270000,261000,76995,20515797500,2034587526000,7620178
20241008,450080,에코프로머티,KOSPI,-,126900,-400,-0.31,126200,132000,126200,888041,114387330900,8765058886200,69070598
20241008,036570,엔씨소프트,KOSPI,-,218500,-6000,-2.67,224500,224500,216500,148083,32614738500,4796953807000,21954022
20241008,085310,엔케이,KOSPI,-,796,-5,-0.62,792,801,792,78853,62737728,63666748192,79983352
20241008,900140,엘브이엠씨홀딩스,KOSPI,-,2540,85,3.46,2460,2560,2455,1257110,3157756105,435834563940,171588411
20241008,066970,엘앤에프,KOSPI,-,118700,-700,-0.59,118600,120600,116100,354012,41928137000,4308375320600,36296338
20241008,097520,엠씨넥스,KOSPI,-,18200,-220,-1.19,18200,18300,18060,19299,350424000,327194722400,17977732
20241008,014440,영보화학,KOSPI,-,3410,-20,-0.58,3430,3430,3400,6943,23704215,68200000000,20000000
20241008,111770,영원무역,KOSPI,-,41600,-1100,-2.58,42350,42800,41600,67285,2839009200,1843357068800,44311468
20241008,009970,영원무역홀딩스,KOSPI,-,86600,-1000,-1.14,88400,88400,85400,8926,770792400,1180842267200,13635592
20241008,003520,영진약품,KOSPI,-,2365,35,1.50,2310,2375,2310,137906,324865425,432541308815,182892731
20241008,000670,영풍,KOSPI,-,336500,-9500,-2.75,346000,346000,335500,18092,6104147000,619846460000,1842040
20241008,006740,영풍제지,KOSPI,-,1331,-23,-1.70,1337,1370,1319,493150,660252618,61867738988,46482148
20241008,012280,영화금속,KOSPI,-,785,0,0.00,790,790,780,22629,17699084,40556636425,51664505
20241008,012160,영흥,KOSPI,-,476,-6,-1.24,484,484,476,17676,8486248,48223737072,101310372
20241008,015360,예스코홀딩스,KOSPI,-,45850,250,0.55,45750,45950,45300,2836,129673050,275100000000,6000000
20241008,007310,오뚜기,KOSPI,-,407500,-4500,-1.09,415500,415500,407000,2722,1115072000,1633190725000,4007830
20241008,002630,오리엔트바이오,KOSPI,-,460,3,0.66,457,462,449,91547,41877614,54548182300,118583005
20241008,271560,오리온,KOSPI,-,98000,800,0.82,97200,99700,96800,283534,27972935100,3874540936000,39536132
20241008,001800,오리온홀딩스,KOSPI,-,15740,20,0.13,15690,15840,15610,39540,622343120,986038942280,62645422
20241008,011690,와이투솔루션,KOSPI,-,2880,-30,-1.03,2910,2940,2835,77330,222133795,105334254720,36574394
20241008,316140,우리금융지주,KOSPI,-,15850,-140,-0.88,15840,15890,15710,1643719,25981143180,11770075290850,742591501
20241008,006980,우성,KOSPI,-,16780,120,0.72,16520,16830,16520,1404,23443030,51850200000,3090000
20241008,017370,우신시스템,KOSPI,-,6340,-140,-2.16,6480,6480,6220,40049,252197720,116111102360,18314054
20241008,105840,우진,KOSPI,-,7790,50,0.65,7740,7840,7700,51449,399819580,158320953060,20323614
20241008,010400,우진아이엔에스,KOSPI,-,3485,-75,-2.11,3560,3585,3480,1709,6049065,26562670000,7622000
20241008,049800,우진플라임,KOSPI,-,2280,-30,-1.30,2290,2310,2250,17079,38742645,45600000000,20000000
20241008,016880,웅진,KOSPI,-,935,-11,-1.16,937,946,930,94748,88498718,74731819800,79927080
20241008,095720,웅진씽크빅,KOSPI,-,1735,-1,-0.06,1735,1738,1730,33253,57708626,200402883975,115505985
20241008,005820,원림,KOSPI,-,15900,-20,-0.13,15920,15920,15880,199,3164330,36537723000,2297970
20241008,010600,웰바이오텍,KOSPI,-,545,0,0.00,0,0,0,0,0,49553256815,90923407
20241008,008600,윌비스,KOSPI,-,440,0,0.00,440,444,434,34677,15156743,29583857160,67236039
20241008,033270,유나이티드제약,KOSPI,-,20800,-200,-0.95,21000,21200,20700,18345,383240550,339743497600,16333822
20241008,014830,유니드,KOSPI,-,78800,-2800,-3.43,82600,82600,78400,23011,1837116300,533286880000,6767600
20241008,446070,유니드비티플러스,KOSPI,-,4585,70,1.55,4520,4600,4435,15109,68602375,48652420775,10611215
20241008,000910,유니온,KOSPI,-,4045,-65,-1.58,4110,4130,4035,28342,115240140,63148998855,15611619
20241008,047400,유니온머티리얼,KOSPI,-,2150,5,0.23,2130,2155,2110,72451,154460815,90300000000,42000000
20241008,011330,유니켐,KOSPI,-,1434,14,0.99,1403,1439,1403,77074,109761663,139093937478,96997167
20241008,077500,유니퀘스트,KOSPI,-,4855,-20,-0.41,4875,4895,4795,24672,119147140,105809942825,21794015
20241008,002920,유성기업,KOSPI,-,2125,-5,-0.23,2130,2140,2115,9838,20888745,55138437500,25947500
20241008,000700,유수홀딩스,KOSPI,-,5120,-10,-0.19,5130,5140,5070,31212,159765680,133334077440,26041812
20241008,003470,유안타증권,KOSPI,-,2920,0,0.00,2905,2940,2905,93140,271832740,582822001920,199596576
20241008,003475,유안타증권우,KOSPI,-,2905,-30,-1.02,2935,2955,2900,11677,34143975,37509975860,12912212
20241008,072130,유엔젤,KOSPI,-,4300,70,1.65,4230,4300,4185,112110,475978440,56740452200,13195454
20241008,000220,유유제약,KOSPI,-,4600,-10,-0.22,4605,4640,4590,30406,140128390,78348814600,17032351
20241008,000225,유유제약1우,KOSPI,-,5240,50,0.96,5120,5300,5120,5441,28352590,11878713200,2266930
20241008,000227,유유제약2우B,KOSPI,-,10520,0,0.00,10520,10520,10390,52,541460,3424891200,325560
20241008,001200,유진투자증권,KOSPI,-,4210,-55,-1.29,4260,4320,4210,495343,2109132290,407807619780,96866418
20241008,000100,유한양행,KOSPI,-,148300,200,0.14,147200,150000,145900,1953674,289386937200,11895004191200,80209064
20241008,000105,유한양행우,KOSPI,-,143900,-500,-0.35,142500,146300,141900,47199,6795502900,169937266000,1180940
20241008,003460,유화증권,KOSPI,-,2245,10,0.45,2235,2275,2220,40699,91297010,127296921675,56702415
20241008,003465,유화증권우,KOSPI,-,2215,0,0.00,2215,2215,2215,1272,2817480,38710281375,17476425
20241008,008730,율촌화학,KOSPI,-,22650,50,0.22,22600,23000,22300,22871,518999650,561720000000,24800000
20241008,008250,이건산업,KOSPI,-,5010,-60,-1.18,5020,5100,5000,5685,28628200,54872701350,10952635
20241008,025820,이구산업,KOSPI,-,4895,-70,-1.41,4905,4970,4865,419204,2055674550,163698590000,33442000
20241008,214320,이노션,KOSPI,-,19980,300,1.52,19630,20100,19540,48830,968099560,799200000000,40000000
20241008,088260,이리츠코크렙,KOSPI,-,5060,-30,-0.59,5090,5140,5040,93584,476169330,320508445400,63341590
20241008,139480,이마트,KOSPI,-,58400,-800,-1.35,59000,59600,58400,73720,4323305900,1627947829600,27875819
20241008,457190,이수스페셜티케미컬,KOSPI,-,51400,-100,-0.19,50900,52000,50200,307075,15676658900,1552705592000,30208280
20241008,007660,이수페타시스,KOSPI,-,36950,-600,-1.60,37300,37900,36700,608416,22595620550,2336955182050,63246419
20241008,005950,이수화학,KOSPI,-,8790,-110,-1.24,8900,8900,8730,39670,350089450,199732875810,22722739
20241008,015020,이스타코,KOSPI,-,629,3,0.48,620,632,620,91532,57206913,26953656400,42851600
20241008,093230,이아이디,KOSPI,-,1392,0,0.00,0,0,0,0,0,354103029120,254384360
20241008,074610,이엔플러스,KOSPI,-,1741,-30,-1.69,1770,1787,1725,215684,376394346,127745403189,73374729
20241008,102460,이연제약,KOSPI,-,13700,-160,-1.15,13860,13990,13610,13664,188809240,254639310700,18586811
20241008,084680,이월드,KOSPI,-,1733,17,0.99,1710,1745,1710,268585,464531112,245750132469,141806193
20241008,350520,이지스레지던스리츠,KOSPI,-,4000,-10,-0.25,3975,4010,3955,83409,332286875,113434468000,28358617
20241008,334890,이지스밸류리츠,KOSPI,-,5210,-10,-0.19,5230,5240,5120,69594,360681670,268020473490,51443469
20241008,000760,이화산업,KOSPI,-,12730,-170,-1.32,12900,12900,12730,536,6855500,35644000000,2800000
20241008,014990,인디에프,KOSPI,-,689,22,3.30,711,716,679,662812,461786976,51752853555,75112995
20241008,101140,인바이오젠,KOSPI,-,9340,0,0.00,0,0,0,0,0,93812977440,10044216
20241008,006490,인스코비,KOSPI,-,1850,-42,-2.22,1941,2030,1850,16298299,31458221976,220832646300,119368998
20241008,023800,인지컨트롤스,KOSPI,-,6430,300,4.89,6150,6690,6100,169040,1088209340,101653136710,15809197
20241008,034590,인천도시가스,KOSPI,-,25550,0,0.00,25600,25600,25500,734,18729300,111774964700,4374754
20241008,129260,인터지스,KOSPI,-,2230,0,0.00,2235,2235,2205,10875,24124465,66337759020,29747874
20241008,023810,인팩,KOSPI,-,7930,50,0.63,7880,7930,7700,11075,86012280,79300000000,10000000
20241008,249420,일동제약,KOSPI,-,14130,-90,-0.63,14260,14420,14050,73115,1040025570,396523139130,28062501
20241008,000230,일동홀딩스,KOSPI,-,8100,-80,-0.98,8180,8270,8070,18600,151655600,93477240000,11540400
20241008,013360,일성건설,KOSPI,-,1314,-13,-0.98,1340,1340,1309,81349,107156776,70988692320,54024880
20241008,003120,일성아이에스,KOSPI,-,16230,-310,-1.87,16540,16700,16230,5879,96860970,215859000000,13300000
20241008,003200,일신방직,KOSPI,-,8200,-40,-0.49,8310,8310,7920,21930,179484050,190896000000,23280000
20241008,007110,일신석재,KOSPI,-,1404,-5,-0.35,1475,1506,1365,6655648,9710847000,108749080440,77456610
20241008,007570,일양약품,KOSPI,-,12890,-80,-0.62,12900,13000,12850,25278,326662270,246014208960,19085664
20241008,007575,일양약품우,KOSPI,-,12100,-10,-0.08,12110,12130,12010,229,2753880,5385468000,445080
20241008,008500,일정실업,KOSPI,-,13860,-390,-2.74,14250,14250,13620,3867,54209940,16632000000,1200000
20241008,081000,일진다이아,KOSPI,-,13050,-10,-0.08,13000,13300,12960,10795,140937770,185348823750,14202975
20241008,020760,일진디스플,KOSPI,-,1001,1,0.10,1027,1027,996,9746,9766527,51565254741,51513741
20241008,103590,일진전기,KOSPI,-,22050,-250,-1.12,22250,22350,21700,261191,5754777600,1051462849500,47685390
20241008,271940,일진하이솔루스,KOSPI,-,20750,250,1.22,20300,21000,20300,16830,348336200,753498692500,36313190
20241008,015860,일진홀딩스,KOSPI,-,3800,-5,-0.13,3775,3815,3775,22707,86130320,187520435400,49347483
20241008,226320,잇츠한불,KOSPI,-,11710,-140,-1.18,11850,11890,11680,14724,172967030,256792278650,21929315
20241008,317400,자이에스앤디,KOSPI,-,4070,40,0.99,4005,4105,4005,36721,149177400,157844856400,38782520
20241008,033240,자화전자,KOSPI,-,17090,-370,-2.12,17440,17450,17090,96091,1653960270,378643818300,22155870
20241008,000950,전방,KOSPI,-,19640,-60,-0.30,19700,19700,19510,351,6890930,32995200000,1680000
20241008,079900,전진건설로봇,KOSPI,-,16530,830,5.29,15800,17160,15540,849265,14136183490,253910288220,15360574
20241008,348950,제이알글로벌리츠,KOSPI,-,3135,-60,-1.88,3175,3185,3110,1178791,3710583615,618773760000,197376000
20241008,194370,제이에스코퍼레이션,KOSPI,-,14180,-300,-2.07,14480,14490,14030,56395,796659310,189098822180,13335601
20241008,025620,제이준코스메틱,KOSPI,-,5500,0,0.00,5500,5520,5360,9065,49168580,24666653000,4484846
20241008,030000,제일기획,KOSPI,-,17950,-160,-0.88,18110,18110,17950,184680,3324866120,2064989988750,115041225
20241008,271980,제일약품,KOSPI,-,14880,250,1.71,14630,14900,14560,4289,63003440,218808495360,14704872
20241008,001560,제일연마,KOSPI,-,8410,-100,-1.18,8500,8660,8410,3447,29584970,83259000000,9900000
20241008,002620,제일파마홀딩스,KOSPI,-,8910,-10,-0.11,8920,9070,8800,2746,24447570,142322593050,15973355
20241008,006220,제주은행,KOSPI,-,8710,-160,-1.80,8960,8960,8700,91829,806125030,279841621540,32128774
20241008,089590,제주항공,KOSPI,-,8750,-70,-0.79,8820,8830,8710,81336,712238650,705608618750,80640985
20241008,004910,조광페인트,KOSPI,-,6380,-100,-1.54,6480,6510,6380,16874,108501700,81664000000,12800000
20241008,004700,조광피혁,KOSPI,-,55400,700,1.28,53800,55800,53700,780,42713000,368362245200,6649138
20241008,001550,조비,KOSPI,-,11380,-70,-0.61,11400,11540,11310,2901,32967930,59087679820,5192239
20241008,462520,조선내화,KOSPI,-,17350,-20,-0.12,17160,17360,17110,7702,132615820,205687164800,11855168
20241008,120030,조선선재,KOSPI,-,94700,0,0.00,94200,95000,94200,491,46532500,119099549700,1257651
20241008,018470,조일알미늄,KOSPI,-,1900,59,3.20,1827,1995,1800,15126005,28868852496,240600269900,126631721
20241008,002600,조흥,KOSPI,-,176100,-800,-0.45,176900,178900,175100,23,4058200,105660000000,600000
20241008,185750,종근당,KOSPI,-,110300,-2100,-1.87,111900,112600,110300,35198,3915845800,1453138526000,13174420
20241008,063160,종근당바이오,KOSPI,-,29150,150,0.52,29150,30100,28900,27905,823607500,159915792300,5485962
20241008,001630,종근당홀딩스,KOSPI,-,56400,-500,-0.88,56800,58800,56400,4986,288587100,282556160400,5009861
20241008,109070,주성코퍼레이션,KOSPI,-,4100,0,0.00,0,0,0,0,0,216521943000,52810230
20241008,044380,주연테크,KOSPI,-,370,1,0.27,372,372,366,37555,13833646,21903720280,59199244
20241008,013890,지누스,KOSPI,-,20100,850,4.42,19170,20250,19170,175795,3498770650,416777600400,20735204
20241008,013870,지엠비코리아,KOSPI,-,3990,-20,-0.50,4030,4030,3970,7039,28098585,76098397200,19072280
20241008,071320,지역난방공사,KOSPI,-,45700,-500,-1.08,46200,46400,45500,7320,334528900,529148600800,11578744
20241008,088790,진도,KOSPI,-,1840,0,0.00,1839,1859,1797,24814,45490666,22903848960,12447744
20241008,003780,진양산업,KOSPI,-,6730,20,0.30,6710,6750,6680,15911,106685310,87490000000,13000000
20241008,010640,진양폴리,KOSPI,-,6750,30,0.45,6710,6760,6680,11417,76720320,67500000000,10000000
20241008,100250,진양홀딩스,KOSPI,-,3175,-10,-0.31,3185,3185,3125,41198,129478995,177467552100,55895292
20241008,051630,진양화학,KOSPI,-,2870,10,0.35,2880,2880,2820,4099,11680075,45346000000,15800000
20241008,272450,진에어,KOSPI,-,10000,0,0.00,10000,10100,9910,42922,428299840,522000000000,52200000
20241008,011000,진원생명과학,KOSPI,-,2405,10,0.42,2375,2455,2375,194194,468589460,192493879175,80039035
20241008,002780,진흥기업,KOSPI,-,836,-1,-0.12,837,840,829,162642,135345131,121614378820,145471745
20241008,002787,진흥기업2우B,KOSPI,-,10830,190,1.79,11090,11090,10280,300,3133210,3192770640,294808
20241008,002785,진흥기업우B,KOSPI,-,4245,-5,-0.12,4250,4250,4150,31,131315,3638890410,857218
20241008,009310,참엔지니어링,KOSPI,-,409,-7,-1.68,416,416,409,121837,50051804,34710774371,84867419
20241008,000650,천일고속,KOSPI,-,41000,-400,-0.97,41050,41250,40900,22,903200,58598020000,1429220
20241008,012600,청호ICT,KOSPI,-,2490,0,0.00,0,0,0,0,0,116119947330,46634517
20241008,033250,체시스,KOSPI,-,1346,9,0.67,1325,1361,1310,102601,138201741,43072000000,32000000
20241008,035720,카카오,KOSPI,-,37000,250,0.68,36550,37100,36350,1017162,37523718900,16410513393000,443527389
20241008,323410,카카오뱅크,KOSPI,-,21300,0,0.00,21150,21350,20900,416846,8834267150,10159325468100,476963637
20241008,377300,카카오페이,KOSPI,-,25000,550,2.25,24300,25300,24000,292463,7303105800,3365123575000,134604943
20241008,006380,카프로,KOSPI,-,3660,0,0.00,0,0,0,0,0,618539985360,168999996
20241008,001620,케이비아이동국실업,KOSPI,-,575,-9,-1.54,588,588,571,70346,40489013,63993492825,111293031
20241008,029460,케이씨,KOSPI,-,20800,100,0.48,20650,20800,20400,9592,198050500,281924115200,13554044
20241008,281820,케이씨텍,KOSPI,-,34850,-450,-1.27,34850,36100,34650,64709,2280904200,727025226600,20861556
20241008,381970,케이카,KOSPI,-,13480,0,0.00,13480,13500,13240,48910,653883180,649494344040,48182073
20241008,145270,케이탑리츠,KOSPI,-,1033,10,0.98,1024,1034,1022,296127,303629167,49646779542,48060774
20241008,417310,코람코더원리츠,KOSPI,-,4980,100,2.05,4905,4980,4870,54060,267148665,201192000000,40400000
20241008,357120,코람코라이프인프라리츠,KOSPI,-,4685,0,0.00,4700,4700,4655,145067,679524600,414784010690,88534474
20241008,007815,코리아써우,KOSPI,-,5830,-30,-0.51,5800,5950,5800,8100,47370120,17284142700,2964690
20241008,007810,코리아써키트,KOSPI,-,10780,-450,-4.01,11170,11300,10770,96472,1055409670,254631695780,23620751
20241008,00781K,코리아써키트2우B,KOSPI,-,6100,-20,-0.33,6120,6120,6000,29,177340,4780563900,783699
20241008,003690,코리안리,KOSPI,-,8410,-260,-3.00,8580,8630,8410,217353,1844605380,1390740893660,165367526
20241008,192820,코스맥스,KOSPI,-,138700,-1600,-1.14,139000,146600,138500,179989,25533204600,1574176898300,11349509
20241008,044820,코스맥스비티아이,KOSPI,-,8710,-10,-0.11,8720,8720,8570,6717,57984220,83650151910,9603921
20241008,005070,코스모신소재,KOSPI,-,124700,-200,-0.16,122800,126200,121600,123651,15323190800,4054091273200,32510756
20241008,005420,코스모화학,KOSPI,-,24400,-50,-0.20,24000,24950,23800,188084,4605737500,937160763200,38408228
20241008,071950,코아스,KOSPI,-,9450,-460,-4.64,9830,9830,9180,66271,625665100,31097304000,3290720
20241008,002020,코오롱,KOSPI,-,14490,-100,-0.69,14610,14610,14490,8014,116376460,182956912740,12626426
20241008,138490,코오롱ENP,KOSPI,-,6020,-110,-1.79,6060,6110,6000,29521,178494090,228760000000,38000000
20241008,003070,코오롱글로벌,KOSPI,-,9440,110,1.18,9240,9490,9240,17674,165602770,178724810720,18932713
20241008,003075,코오롱글로벌우,KOSPI,-,17050,-150,-0.87,16850,17200,16850,1661,28283410,12629565850,740737
20241008,450140,코오롱모빌리티그룹,KOSPI,-,2320,-70,-2.93,2380,2390,2320,50181,118181950,145643220000,62777250
20241008,45014K,코오롱모빌리티그룹우,KOSPI,-,4245,0,0.00,4245,4245,4245,71,296995,10426229400,2456120
20241008,002025,코오롱우,KOSPI,-,12990,60,0.46,13100,13100,12820,236,3041910,13982306100,1076390
20241008,120110,코오롱인더,KOSPI,-,34350,-750,-2.14,34900,35300,34350,59627,2073628100,945280775850,27519091
20241008,120115,코오롱인더우,KOSPI,-,21650,100,0.46,21700,21700,21550,739,16001600,59924169000,2767860
20241008,021240,코웨이,KOSPI,-,65500,1100,1.71,64700,66100,64500,163237,10695025700,4833875044500,73799619
20241008,036420,콘텐트리중앙,KOSPI,-,9800,-100,-1.01,9900,9970,9790,21108,207829300,188770618400,19262308
20241008,024720,콜마홀딩스,KOSPI,-,7480,-190,-2.48,7680,7680,7460,130963,983223170,256536017320,34296259
20241008,031820,콤텍시스템,KOSPI,-,574,-6,-1.03,580,581,570,92518,53060742,69483541484,121051466
20241008,192400,쿠쿠홀딩스,KOSPI,-,22700,-700,-2.99,23400,23400,22700,14108,324999750,807261599500,35562185
20241008,284740,쿠쿠홈시스,KOSPI,-,22650,-450,-1.95,23000,23100,22650,22392,513800650,508205524500,22437330
20241008,264900,크라운제과,KOSPI,-,8660,80,0.93,8610,8700,8570,17660,152630700,108456541000,12523850
20241008,26490K,크라운제과우,KOSPI,-,10410,0,0.00,10410,10700,10390,2980,31238010,8052759600,773560
20241008,005740,크라운해태홀딩스,KOSPI,-,5970,-80,-1.32,6030,6050,5920,21884,130552230,88638661590,14847347
20241008,005745,크라운해태홀딩스우,KOSPI,-,8920,-200,-2.19,8920,9110,8920,158,1410120,5358475920,600726
20241008,259960,크래프톤,KOSPI,-,326000,7000,2.19,319500,328500,319000,111584,36200629500,15614422978000,47897003
20241008,020120,키다리스튜디오,KOSPI,-,3555,-60,-1.66,3630,3685,3550,77782,278530820,131761688130,37063766
20241008,039490,키움증권,KOSPI,-,131000,-3000,-2.24,133300,133400,129600,55990,7365658800,3343998486000,25526706
20241008,014580,태경비케이,KOSPI,-,4450,5,0.11,4425,4470,4405,55750,246991365,122744795000,27583100
20241008,015890,태경산업,KOSPI,-,5200,-50,-0.95,5250,5280,5200,22051,115517300,151989500000,29228750
20241008,006890,태경케미컬,KOSPI,-,11740,790,7.21,10980,11830,10980,166225,1915294820,136184000000,11600000
20241008,003240,태광산업,KOSPI,-,644000,2000,0.31,641000,644000,639000,264,169485000,717029600000,1113400
20241008,011280,태림포장,KOSPI,-,2215,-60,-2.64,2260,2295,2215,50996,114891920,156835157100,70805940
20241008,004100,태양금속,KOSPI,-,2910,-95,-3.16,2980,3015,2875,365697,1073745690,106797000000,36700000
20241008,004105,태양금속우,KOSPI,-,4890,-55,-1.11,4880,4950,4880,8779,43537030,16137000000,3300000
20241008,009410,태영건설,KOSPI,-,4620,0,0.00,0,0,0,0,0,1330122656940,287905337
20241008,009415,태영건설우,KOSPI,-,7130,0,0.00,0,0,0,0,0,4634314620,649974
20241008,001420,태원물산,KOSPI,-,3720,-25,-0.67,3695,3745,3685,253,938405,28272000000,7600000
20241008,055490,테이팩스,KOSPI,-,19160,10,0.05,19150,19330,18710,18127,345472910,91386494000,4769650
20241008,078000,텔코웨어,KOSPI,-,9690,30,0.31,9780,9780,9590,7362,71067950,89536346130,9240077
20241008,214420,토니모리,KOSPI,-,9110,-290,-3.09,9330,9330,9020,256681,2336382880,219139218890,24054799
20241008,019180,티에이치엔,KOSPI,-,3320,-30,-0.90,3325,3345,3280,118525,390997065,59760000000,18000000
20241008,363280,티와이홀딩스,KOSPI,-,3530,-35,-0.98,3580,3595,3485,61786,217589330,178015316040,50429268
20241008,36328K,티와이홀딩스우,KOSPI,-,4770,70,1.49,4690,4795,4685,2458,11658650,5929176780,1243014
20241008,091810,티웨이항공,KOSPI,-,3200,110,3.56,3055,3315,3055,10528119,33969035615,689212723200,215378976
20241008,004870,티웨이홀딩스,KOSPI,-,524,3,0.58,521,551,520,416933,223164967,58484527132,111611693
20241008,034230,파라다이스,KOSPI,-,11020,-270,-2.39,11390,11440,11010,517015,5765687410,1011323285460,91771623
20241008,005690,파미셀,KOSPI,-,5280,-20,-0.38,5250,5390,5250,377231,2009073930,316889569920,60016964
20241008,036580,팜스코,KOSPI,-,2275,-25,-1.09,2300,2310,2250,44485,101008655,83556070325,36727943
20241008,004720,팜젠사이언스,KOSPI,-,4920,-75,-1.50,4980,5000,4920,18562,91928845,89438343000,18178525
20241008,028670,팬오션,KOSPI,-,3700,-35,-0.94,3705,3795,3700,2280219,8539170175,1977907194400,534569512
20241008,010820,퍼스텍,KOSPI,-,2895,-40,-1.36,2920,2960,2885,316741,924809850,141194760510,48771938
20241008,016800,퍼시스,KOSPI,-,42000,-1000,-2.33,42500,43950,41950,1984,84785450,483000000000,11500000
20241008,001020,페이퍼코리아,KOSPI,-,711,6,0.85,719,719,706,9143,6513279,126546135543,177983313
20241008,090080,평화산업,KOSPI,-,1012,-9,-0.88,1022,1027,1008,48459,49208102,55561086108,54902259
20241008,010770,평화홀딩스,KOSPI,-,2805,-15,-0.53,2805,2820,2790,862,2419310,41024432130,14625466
20241008,022100,포스코DX,KOSPI,-,30250,-650,-2.10,30600,30650,29750,499461,15079755150,4599050552250,152034729
20241008,058430,포스코스틸리온,KOSPI,-,39950,-850,-2.08,40300,40500,39700,8289,331241850,239700000000,6000000
20241008,047050,포스코인터내셔널,KOSPI,-,56600,-1300,-2.25,57500,57900,55800,471112,26707370800,9957229800800,175922788
20241008,003670,포스코퓨처엠,KOSPI,-,258500,5000,1.97,250500,259500,249000,353561,89903725500,20024242370000,77463220
20241008,017810,풀무원,KOSPI,-,10470,-200,-1.87,10740,10740,10470,63636,669863040,399122074740,38120542
20241008,103140,풍산,KOSPI,-,66200,-1600,-2.36,67600,68200,65100,388787,25917528800,1855207203600,28024278
20241008,005810,풍산홀딩스,KOSPI,-,27050,-100,-0.37,26800,27450,26750,16220,437284300,389987748600,14417292
20241008,950210,프레스티지바이오파마,KOSPI,-,13870,-800,-5.45,14740,15050,13820,309816,4416261950,833533669850,60096155
20241008,009810,플레이그램,KOSPI,-,335,-11,-3.18,346,350,333,1172007,397271471,50882312500,151887500
20241008,086790,하나금융지주,KOSPI,-,61300,-300,-0.49,60700,61700,60700,886467,54333193100,17607865944000,287240880
20241008,293480,하나제약,KOSPI,-,11350,40,0.35,11290,11370,11140,24330,272846120,201722937100,17772946
20241008,039130,하나투어,KOSPI,-,50300,-700,-1.37,50900,51100,50200,53638,2714689900,806771005500,16039185
20241008,352820,하이브,KOSPI,-,178800,5300,3.05,172200,179600,172100,207172,36735213300,7447394943600,41652097
20241008,071090,하이스틸,KOSPI,-,3420,-25,-0.73,3390,3530,3360,536956,1852745620,69054830820,20191471
20241008,019490,하이트론,KOSPI,-,4225,25,0.60,4100,4290,4070,1009249,4349510215,121867036525,28844269
20241008,000080,하이트진로,KOSPI,-,20150,-250,-1.23,20400,20400,20100,112619,2273141650,1413192261650,70133611
20241008,000087,하이트진로2우B,KOSPI,-,16190,-30,-0.18,16300,16300,16150,203,3287070,18296934220,1130138
20241008,000140,하이트진로홀딩스,KOSPI,-,9250,40,0.43,9240,9400,9200,7170,66405520,214662576250,23206765
20241008,000145,하이트진로홀딩스우,KOSPI,-,11640,10,0.09,11670,11670,11640,32,372780,5480228400,470810
20241008,152550,한국ANKOR유전,KOSPI,-,406,-1,-0.25,422,423,404,2364520,969759963,28428120000,70020000
20241008,036460,한국가스공사,KOSPI,-,44100,-250,-0.56,44050,44650,43000,917776,40336412000,4071003300000,92313000
20241008,005430,한국공항,KOSPI,-,54000,500,0.93,52700,55200,52700,20283,1099974100,170983170000,3166355
20241008,071050,한국금융지주,KOSPI,-,71800,-3000,-4.01,74500,74500,71200,158633,11424672700,4001126225600,55725992
20241008,071055,한국금융지주우,KOSPI,-,50100,-700,-1.38,50700,50700,49900,8403,420674150,293498375100,5858251
20241008,010040,한국내화,KOSPI,-,2310,-10,-0.43,2285,2375,2280,20310,46901440,94864913220,41067062
20241008,025540,한국단자,KOSPI,-,70600,600,0.86,70000,72100,70000,17388,1237057300,735299000000,10415000
20241008,010100,한국무브넥스,KOSPI,-,3850,0,0.00,3815,3865,3795,31638,121040740,117234117000,30450420
20241008,004090,한국석유,KOSPI,-,20400,50,0.25,21300,21450,20050,1359540,28199903850,258960048000,12694120
20241008,002200,한국수출포장,KOSPI,-,2575,-15,-0.58,2620,2620,2550,102439,263548105,103000000000,40000000
20241008,002960,한국쉘석유,KOSPI,-,317500,-500,-0.16,317500,319500,316000,1084,344299000,412750000000,1300000
20241008,000240,한국앤컴퍼니,KOSPI,-,17430,50,0.29,17120,17600,17120,99929,1745277860,1654721233200,94935240
20241008,123890,한국자산신탁,KOSPI,-,2955,5,0.17,2935,2965,2930,135257,399329000,366354257160,123977752
20241008,015760,한국전력,KOSPI,-,19950,-30,-0.15,19940,20200,19870,868749,17376443610,12807183336150,641964077
20241008,006200,한국전자홀딩스,KOSPI,-,774,0,0.00,779,779,770,7097,5511594,36225627264,46803136
20241008,027970,한국제지,KOSPI,-,1030,-25,-2.37,1050,1054,1025,127376,131538641,195883584110,190178237
20241008,023350,한국종합기술,KOSPI,-,4510,-40,-0.88,4505,4575,4460,9699,43683025,49384500000,10950000
20241008,025890,한국주강,KOSPI,-,1989,6,0.30,1983,1989,1975,8991,17821686,22494116151,11309259
20241008,000970,한국주철관,KOSPI,-,6410,-60,-0.93,6450,6530,6410,14501,93172570,146151205000,22800500
20241008,104700,한국철강,KOSPI,-,8390,-80,-0.94,8470,8550,8300,32194,270544280,356155500000,42450000
20241008,017960,한국카본,KOSPI,-,10940,20,0.18,10920,11150,10890,138374,1524596390,567878464880,51908452
20241008,161890,한국콜마,KOSPI,-,69100,-3200,-4.43,72000,72000,68000,397950,27555285700,1631110820700,23605077
20241008,161390,한국타이어앤테크놀로지,KOSPI,-,38400,-400,-1.03,38300,38750,37500,524117,20003085675,4756802649600,123875069
20241008,034830,한국토지신탁,KOSPI,-,1047,-1,-0.10,1039,1058,1039,273737,287823379,264356223810,252489230
20241008,007280,한국특강,KOSPI,-,1472,-31,-2.06,1500,1503,1436,30018,43971352,89517193792,60813311
20241008,168490,한국패러랠,KOSPI,-,192,0,0.00,192,193,190,301714,57556682,15363840000,80020000
20241008,047810,한국항공우주,KOSPI,-,53900,600,1.13,53300,54300,52900,539796,29011157000,5253908267300,97475107
20241008,123690,한국화장품,KOSPI,-,7250,-250,-3.33,7430,7430,7250,62108,453463210,116493000000,16068000
20241008,003350,한국화장품제조,KOSPI,-,81600,300,0.37,80400,82400,78600,103177,8323096700,369811200000,4532000
20241008,011500,한농화성,KOSPI,-,21100,400,1.93,20350,21200,20050,720239,14855251900,329941586200,15637042
20241008,002390,한독,KOSPI,-,13250,-250,-1.85,13410,13510,13250,23690,316965260,182366812250,13763533
20241008,053690,한미글로벌,KOSPI,-,14640,-30,-0.20,14510,14910,14510,33229,488759750,160418532000,10957550
20241008,042700,한미반도체,KOSPI,-,107400,-3400,-3.07,110600,111200,107100,421986,45817086100,10417116291600,96993634
20241008,008930,한미사이언스,KOSPI,-,32300,-550,-1.67,33150,33150,32300,65124,2125443750,2209047065000,68391550
20241008,128940,한미약품,KOSPI,-,321500,500,0.16,323000,326500,320000,39234,12668999500,4118733606500,12810991
20241008,009240,한샘,KOSPI,-,51500,-500,-0.96,52000,52200,51300,21942,1135027900,1211997292000,23533928
20241008,020000,한섬,KOSPI,-,17030,-130,-0.76,17150,17150,16920,29814,507672920,398476455000,23398500
20241008,003680,한성기업,KOSPI,-,5190,-20,-0.38,5230,5280,5160,16537,85937610,32227382850,6209515
20241008,105630,한세실업,KOSPI,-,15550,-170,-1.08,15710,15860,15430,62109,973110320,622000000000,40000000
20241008,069640,한세엠케이,KOSPI,-,1709,8,0.47,1719,1727,1700,27424,47042108,51452011918,30106502
20241008,016450,한세예스24홀딩스,KOSPI,-,4505,-30,-0.66,4570,4570,4495,11389,51393520,180200000000,40000000
20241008,010420,한솔PNS,KOSPI,-,1033,-37,-3.46,1070,1089,1033,23580,24939171,21169281396,20493012
20241008,009180,한솔로지스틱스,KOSPI,-,2325,-10,-0.43,2325,2350,2310,64522,149751765,65232583125,28057025
20241008,213500,한솔제지,KOSPI,-,9350,-10,-0.11,9390,9390,9300,14639,136871210,222535385600,23800576
20241008,014680,한솔케미칼,KOSPI,-,132700,-3700,-2.71,136400,136400,132000,50204,6703896700,1504180376500,11335195
20241008,004710,한솔테크닉스,KOSPI,-,4455,-15,-0.34,4480,4540,4430,63119,281875425,143049506490,32109878
20241008,004150,한솔홀딩스,KOSPI,-,2345,0,0.00,2345,2345,2320,31677,73818240,98510113065,42008577
20241008,025750,한솔홈데코,KOSPI,-,736,1,0.14,736,737,730,87461,64240869,59295949664,80565149
20241008,004960,한신공영,KOSPI,-,6960,20,0.29,6940,6980,6880,3567,24714580,80532085920,11570702
20241008,011700,한신기계,KOSPI,-,3375,-5,-0.15,3350,3410,3345,87157,294599250,109505759625,32446151
20241008,001750,한양증권,KOSPI,-,12740,-230,-1.77,12950,13050,12680,56935,729344110,162161523160,12728534
20241008,001755,한양증권우,KOSPI,-,16810,-360,-2.10,17170,17310,16810,2921,49550740,8825250000,525000
20241008,018880,한온시스템,KOSPI,-,3830,-35,-0.91,3865,3880,3825,1311794,5042360060,2044454000000,533800000
20241008,009420,한올바이오파마,KOSPI,-,38800,100,0.26,38500,39600,38300,407293,15889009700,2026936754400,52240638
20241008,014130,한익스프레스,KOSPI,-,3665,-65,-1.74,3735,3745,3655,8647,31915010,43980000000,12000000
20241008,300720,한일시멘트,KOSPI,-,13790,-80,-0.58,13800,13870,13580,57006,783998460,955116636600,69261540
20241008,002220,한일철강,KOSPI,-,1997,0,0.00,2000,2015,1995,4943,9900708,53314827620,26697460
20241008,006390,한일현대시멘트,KOSPI,-,14250,440,3.19,13730,14250,13730,7396,103701310,275419326000,19327672
20241008,003300,한일홀딩스,KOSPI,-,13160,40,0.30,13230,13230,13020,13094,171404260,405760753440,30832884
20241008,051600,한전KPS,KOSPI,-,43300,-100,-0.23,43100,44300,42850,248303,10860821400,1948500000000,45000000
20241008,052690,한전기술,KOSPI,-,66200,-600,-0.90,66300,67500,66000,78821,5262958600,2530164000000,38220000
20241008,130660,한전산업,KOSPI,-,13560,-250,-1.81,13590,13980,13530,700060,9636074280,442056000000,32600000
20241008,002320,한진,KOSPI,-,18890,-90,-0.47,18720,19160,18720,12876,242788300,282360692920,14947628
20241008,003480,한진중공업홀딩스,KOSPI,-,3470,-15,-0.43,3485,3485,3410,13024,44775505,102468447640,29529812
20241008,180640,한진칼,KOSPI,-,82500,3600,4.56,79000,84500,78000,81370,6666954700,5507888017500,66762279
20241008,18064K,한진칼우,KOSPI,-,25400,700,2.83,24350,25750,24350,886,22259800,13633856400,536766
20241008,005110,한창,KOSPI,-,1254,0,0.00,0,0,0,0,0,23332434378,18606407
20241008,009460,한창제지,KOSPI,-,816,-4,-0.49,820,820,813,18937,15445533,48688668576,59667486
20241008,372910,한컴라이프케어,KOSPI,-,4030,-60,-1.47,4050,4065,3980,328926,1323092240,111527856180,27674406
20241008,000880,한화,KOSPI,-,28650,100,0.35,28450,29000,28100,137880,3943645450,2147567757750,74958735
20241008,00088K,한화3우B,KOSPI,-,15180,-170,-1.11,15360,15360,15180,27880,424514000,341124960000,22472000
20241008,452260,한화갤러리아,KOSPI,-,1399,34,2.49,1365,1590,1363,7401597,10719068776,271209594390,193859610
20241008,45226K,한화갤러리아우,KOSPI,-,2735,40,1.48,2650,2745,2650,3297,9008185,7943725450,2904470
20241008,451800,한화리츠,KOSPI,-,4140,25,0.61,4130,4160,4115,204607,845935140,292284000000,70600000
20241008,088350,한화생명,KOSPI,-,2935,-20,-0.68,2940,2970,2915,1272730,3753284465,2549135550000,868530000
20241008,000370,한화손해보험,KOSPI,-,5030,-70,-1.37,5090,5120,4995,229203,1152126930,587196742450,116738915
20241008,009830,한화솔루션,KOSPI,-,24550,-950,-3.73,25150,25350,24550,597152,14814324800,4219961758800,171892536
20241008,009835,한화솔루션우,KOSPI,-,20700,-50,-0.24,20650,20900,20500,1357,27950050,53309724300,2575349
20241008,272210,한화시스템,KOSPI,-,17960,-790,-4.21,18680,18790,17880,2334396,42351994910,3392992226440,188919389
20241008,012450,한화에어로스페이스,KOSPI,-,364500,13000,3.70,351500,364500,349000,605738,216808996500,16614333184500,45581161
20241008,082740,한화엔진,KOSPI,-,14910,0,0.00,14910,15290,14770,617148,9251777500,1244196887220,83447142
20241008,042660,한화오션,KOSPI,-,30850,-150,-0.48,30800,31300,30500,662906,20368898650,9452853204900,306413394
20241008,000885,한화우,KOSPI,-,41550,-100,-0.24,41650,41650,40900,95,3949500,19914665700,479294
20241008,489790,한화인더스트리얼솔루션즈,KOSPI,-,40750,3800,10.28,36950,41500,36600,12376968,479857231100,2057401892500,50488390
20241008,003530,한화투자증권,KOSPI,-,3295,-50,-1.49,3315,3345,3295,319044,1055957515,706934918625,214547775
20241008,003535,한화투자증권우,KOSPI,-,6370,-40,-0.62,6440,6440,6220,3808,23997070,30576000000,4800000
20241008,195870,해성디에스,KOSPI,-,30100,-250,-0.82,30300,30650,30000,36153,1093596200,511700000000,17000000
20241008,101530,해태제과식품,KOSPI,-,5870,10,0.17,5850,5920,5810,17197,100620980,170915745140,29116822
20241008,143210,핸즈코퍼레이션,KOSPI,-,2070,60,2.99,2045,2120,2040,10178,21134155,45282796290,21875747
20241008,000720,현대건설,KOSPI,-,30400,300,1.00,30150,30600,30050,250625,7622609250,3385215256000,111355765
20241008,000725,현대건설우,KOSPI,-,45350,350,0.78,45000,45950,44600,827,37233000,47830327550,1054693
20241008,453340,현대그린푸드,KOSPI,-,11830,0,0.00,11800,11830,11750,23651,278465340,400811212620,33880914
20241008,086280,현대글로비스,KOSPI,-,113800,-1100,-0.96,115500,115500,111500,149323,16872264600,8535000000000,75000000
20241008,064350,현대로템,KOSPI,-,60800,-200,-0.33,60600,62400,60200,1917956,117364564800,6635851414400,109142293
20241008,079430,현대리바트,KOSPI,-,7880,-110,-1.38,7980,8090,7880,16010,127145880,161818022160,20535282
20241008,012330,현대모비스,KOSPI,-,217000,1000,0.46,214500,218000,213500,113840,24625826500,20179935398000,92995094
20241008,069960,현대백화점,KOSPI,-,47050,-900,-1.88,48250,48250,47000,39841,1883457050,1101084849050,23402441
20241008,004560,현대비앤지스틸,KOSPI,-,14360,160,1.13,14230,14450,14040,57110,815871990,216531725960,15078811
20241008,004310,현대약품,KOSPI,-,4345,-55,-1.25,4400,4455,4325,252454,1109747205,139040000000,32000000
20241008,017800,현대엘리베이,KOSPI,-,43050,-750,-1.71,43700,44000,43050,48643,2111581250,1682927174250,39092385
20241008,307950,현대오토에버,KOSPI,-,154100,-4800,-3.02,157200,157300,154100,71628,11100088500,4226035626200,27423982
20241008,011210,현대위아,KOSPI,-,50700,-1100,-2.12,51600,51600,50600,51051,2604283400,1378790708100,27195083
20241008,004020,현대제철,KOSPI,-,28500,200,0.71,28150,29100,28000,711882,20402141750,3803204872500,133445785
20241008,005440,현대지에프홀딩스,KOSPI,-,4415,-40,-0.90,4425,4480,4385,113964,505758635,688317488915,155904301
20241008,005380,현대차,KOSPI,-,246000,-1000,-0.40,244500,247000,244000,413552,101551965000,51516382986000,209416191
20241008,005387,현대차2우B,KOSPI,-,178200,-2600,-1.44,178500,179900,177300,66774,11918840708,6372323476200,35759391
20241008,005389,현대차3우B,KOSPI,-,171800,-1200,-0.69,172600,172600,170500,12956,2219868000,408953407200,2380404
20241008,005385,현대차우,KOSPI,-,174400,-600,-0.34,174000,174700,173000,29701,5168909800,4163274707200,23871988
20241008,001500,현대차증권,KOSPI,-,8930,30,0.34,8910,9010,8840,11119,99183600,283193178660,31712562
20241008,011760,현대코퍼레이션,KOSPI,-,18500,60,0.33,18450,18680,18300,14981,277754270,244735871000,13228966
20241008,227840,현대코퍼레이션홀딩스,KOSPI,-,10640,170,1.62,10500,10640,10420,6284,66367600,96832895040,9100836
20241008,126560,현대퓨처넷,KOSPI,-,4060,-250,-5.80,4270,4310,3995,602305,2464406915,447423956700,110202945
20241008,001450,현대해상,KOSPI,-,30800,-250,-0.81,31000,31250,30800,428442,13251100550,2753520000000,89400000
20241008,057050,현대홈쇼핑,KOSPI,-,46550,-450,-0.96,47000,47000,46550,21483,1004347750,558600000000,12000000
20241008,093240,형지엘리트,KOSPI,-,1795,-65,-3.49,1790,1933,1683,1786278,3221350260,55922862410,31154798
20241008,003010,혜인,KOSPI,-,5010,0,0.00,5010,5070,4995,24711,123969020,63690862470,12712747
20241008,111110,호전실업,KOSPI,-,8030,-10,-0.12,8060,8450,7870,742441,6061700040,78292371520,9749984
20241008,008770,호텔신라,KOSPI,-,45600,-1150,-2.46,46400,46750,45400,184704,8452004800,1789714317600,39248121
20241008,008775,호텔신라우,KOSPI,-,38800,-200,-0.51,39100,39350,38500,1670,65009200,29172905200,751879
20241008,378850,화승알앤에이,KOSPI,-,4115,-10,-0.24,4020,4230,4020,114980,472469575,78158758645,18993623
20241008,241590,화승엔터프라이즈,KOSPI,-,8640,-70,-0.80,8640,8740,8500,288908,2487218160,523491344640,60589276
20241008,006060,화승인더,KOSPI,-,3870,-30,-0.77,3855,3925,3850,39825,153978870,214088400000,55320000
20241008,013520,화승코퍼레이션,KOSPI,-,1890,-44,-2.28,1934,1934,1890,75976,144792049,94596866280,50051252
20241008,010690,화신,KOSPI,-,9210,-10,-0.11,9320,9430,9210,250068,2318037020,321616976100,34920410
20241008,133820,화인베스틸,KOSPI,-,912,11,1.22,903,928,892,35752,32792611,28113419616,30826118
20241008,010660,화천기계,KOSPI,-,3045,10,0.33,3035,3070,2980,518255,1564892655,66990000000,22000000
20241008,000850,화천기공,KOSPI,-,28900,-100,-0.34,28950,29350,28800,6740,194827800,63580000000,2200000
20241008,016580,환인제약,KOSPI,-,13200,-70,-0.53,13270,13330,13170,16838,222404570,245520924000,18600070
20241008,032560,황금에스티,KOSPI,-,5500,-50,-0.90,5510,5580,5410,9183,50317750,93500000000,17000000
20241008,004800,효성,KOSPI,-,48300,-1100,-2.23,49850,49900,48200,25684,1248620000,808561658100,16740407
20241008,094280,효성ITX,KOSPI,-,12580,-180,-1.41,12930,12930,12580,14206,180777060,145402156000,11558200
20241008,298040,효성중공업,KOSPI,-,363500,-2000,-0.55,368500,378500,358000,71144,26128952000,3389473198000,9324548
20241008,298020,효성티앤씨,KOSPI,-,307000,-11500,-3.61,316000,319000,307000,17100,5322728500,1328598374000,4327682
20241008,298000,효성화학,KOSPI,-,46300,-200,-0.43,46500,46550,45600,4564,209739950,175560849300,3791811
20241008,093370,후성,KOSPI,-,6600,-120,-1.79,6650,6730,6600,255349,1696084540,707885178000,107255330
20241008,081660,휠라홀딩스,KOSPI,-,40050,-250,-0.62,40300,40750,39650,239749,9632430350,2406838351950,60095839
20241008,005870,휴니드,KOSPI,-,8010,-250,-3.03,8230,8340,7890,760031,6165949740,113069280150,14116015
20241008,079980,휴비스,KOSPI,-,2935,-50,-1.68,2980,3000,2935,56473,166906005,101257500000,34500000
20241008,005010,휴스틸,KOSPI,-,4235,-10,-0.24,4235,4295,4190,370004,1572350805,237956497625,56188075
20241008,000540,흥국화재,KOSPI,-,3520,-120,-3.30,3610,3645,3520,86487,307827315,226134110400,64242645
20241008,000545,흥국화재우,KOSPI,-,5510,-70,-1.25,5580,5580,5510,796,4368940,4231680000,768000
20241008,003280,흥아해운,KOSPI,-,2175,-15,-0.68,2190,2215,2155,4577541,9999136685,522924155325,240424899
